2026-08-08 04:39:25 [ERROR] [湖北] 列表页请求失败: HTTP 412
2026-08-08 04:39:25 [INFO] [完成] 湖北: 共下载 0 个文件
2026-08-08 04:39:25 [INFO] [完成] 福建: 共下载 0 个文件
2026-08-08 04:39:25 [INFO] [完成] 中山: 共下载 0 个文件
2026-08-08 04:39:25 [INFO] [完成] 江西: 共下载 0 个文件
2026-08-08 04:39:26 [INFO] [完成] 佛山: 共下载 0 个文件
2026-08-08 04:39:26 [INFO] [完成] 江门: 共下载 0 个文件
2026-08-08 04:39:28 [INFO] [完成] 深圳: 共下载 0 个文件
2026-08-08 04:39:28 [INFO] [完成] 广东: 共下载 0 个文件
2026-08-08 04:39:29 [INFO] [完成] 广州: 共下载 0 个文件
2026-08-08 04:39:29 [INFO] [完成] 广西: 共下载 0 个文件
2026-08-08 04:39:29 [INFO] [完成] 湖南: 共下载 0 个文件
2026-08-08 04:39:32 [INFO] [完成] 河池: 共下载 0 个文件
2026-08-08 04:39:36 [INFO] [完成] 珠海: 共下载 0 个文件
2026-08-08 04:39:36 [INFO] 
全部完成，共下载 0 个文件，保存在 ./2026-08 目录。
2026-08-08 04:39:36 [INFO] [搜索] 2026-08 下没有可扫描的文件
2026-08-08 12:54:09 [INFO] [搜索] 2026-08 下没有可扫描的文件
2026-08-08 13:10:05 [ERROR] [湖北] 列表页请求失败: HTTP 412
2026-08-08 13:10:05 [DONE] [完成] 湖北: 共下载 0 个文件
2026-08-08 13:10:05 [DONE] [完成] 江西: 共下载 0 个文件
2026-08-08 13:10:05 [DONE] [完成] 湖南: 共下载 0 个文件
2026-08-08 13:10:05 [DONE] [完成] 福建: 共下载 0 个文件
2026-08-08 13:10:10 [DONE] [完成] 珠海: 共下载 0 个文件
2026-08-08 13:10:10 [DONE] [完成] 中山: 共下载 0 个文件
2026-08-08 13:10:11 [DONE] [完成] 广州: 共下载 0 个文件
2026-08-08 13:10:12 [DONE] [完成] 深圳: 共下载 0 个文件
2026-08-08 13:10:13 [DONE] [完成] 江门: 共下载 0 个文件
2026-08-08 13:10:16 [DONE] [完成] 广东: 共下载 0 个文件
2026-08-08 13:10:16 [DONE] [完成] 佛山: 共下载 0 个文件
2026-08-08 13:10:16 [DONE] [完成] 广西: 共下载 0 个文件
2026-08-08 13:10:19 [DONE] [完成] 河池: 共下载 0 个文件
2026-08-08 13:10:19 [DONE] 
全部完成，共下载 0 个文件，保存在 ./2026-08 目录。
2026-08-08 13:10:19 [INFO] [搜索] 2026-08 下没有可扫描的文件
2026-08-28 19:50:13 [INFO] [搜索] 扫描 1/1 个文件，命中 2 条，结果写入 result.db
2026-08-28 19:50:13 [INFO] [搜索] 「天地壹号」 命中 1 处
2026-08-28 19:50:13 [INFO] [搜索] 「天晨」 命中 1 处
2026-08-28 19:50:13 [INFO] [搜索] 「巴马世界」 命中 0 处
2026-08-28 19:54:24 [ERROR] [湖北] 列表页请求失败: HTTP 412
2026-08-28 19:54:24 [DONE] [完成] 湖北: 共下载 0 个文件
2026-08-28 19:54:25 [DONE] [完成] 福建: 共下载 0 个文件
2026-08-28 19:54:25 [INFO]   [下载] 2026-08/中山-20260821-附件1：本次检验项目.doc
2026-08-28 19:54:25 [INFO]   [下载] 2026-08/珠海-20260820-附件 珠海市市场监督管理局2026年食品监督抽检信息汇总表.xls
2026-08-28 19:54:26 [INFO]   [下载] 2026-08/中山-20260821-附件2：食品监督抽检合格信息表（20260821）.xlsx
2026-08-28 19:54:26 [INFO]   [中山] 跳过不合格文件: 附件3：食品监督抽检不合格信息表（20260821）.xlsx
2026-08-28 19:54:26 [INFO]   [下载] 2026-08/深圳-20260828-附件1.抽检结果明细表.xlsx
2026-08-28 19:54:26 [INFO]   [深圳] 跳过不合格文件: 附件2.部分不合格项目小知识.docx
2026-08-28 19:54:26 [INFO]   [下载] 2026-08/河池-第04期-附件1：检验项目.doc
2026-08-28 19:54:26 [INFO]   [下载] 2026-08/江门-第9期-附件1：食品抽检信息汇总表.pdf
2026-08-28 19:54:26 [INFO]   [下载] 2026-08/中山-20260821-附件4：关于部分检验项目的说明.doc
2026-08-28 19:54:26 [INFO]   [江门] 跳过不合格文件: 附件2：本次检验不合格项目的说明.docx
2026-08-28 19:54:26 [INFO]   [下载] 2026-08/湖南-第17期-食品安全抽样检验项目合格食品信息表.pdf
2026-08-28 19:54:26 [INFO]   [湖南] 跳过不合格文件: 食品安全抽样检验不合格食品信息表
2026-08-28 19:54:26 [INFO]   [下载] 2026-08/广东-第38期-附件1-13.doc
2026-08-28 19:54:27 [INFO]   [下载] 2026-08/深圳-20260821-附件1.抽检结果明细表.xlsx
2026-08-28 19:54:27 [INFO]   [深圳] 跳过不合格文件: 附件2.部分不合格项目小知识.docx
2026-08-28 19:54:27 [INFO]   [下载] 2026-08/河池-第04期-附件2：食品餐饮环节监督抽检合格产品信息.xlsx
2026-08-28 19:54:27 [INFO]   [河池] 跳过不合格文件: 附件3：食品餐饮环节监督抽检不合格产品信息（改）.xlsx
2026-08-28 19:54:27 [INFO]   [下载] 2026-08/湖南-第16期-食品安全抽样检验项目合格食品信息表.pdf
2026-08-28 19:54:27 [INFO]   [湖南] 跳过不合格文件: 食品安全抽样检验不合格食品信息表
2026-08-28 19:54:27 [DONE] [完成] 湖南: 共下载 2 个文件
2026-08-28 19:54:28 [INFO]   [下载] 2026-08/江门-20260821-附件1：食品抽检信息汇总表.pdf
2026-08-28 19:54:28 [INFO]   [江门] 跳过不合格文件: 附件2：本次检验不合格项目的说明.docx
2026-08-28 19:54:28 [INFO]   [下载] 2026-08/河池-第04期-附件4：部分检验项目的说明.wps
2026-08-28 19:54:28 [INFO]   [下载] 2026-08/广东-第37期-附件1-15.doc
2026-08-28 19:54:29 [INFO]   [下载] 2026-08/河池-第03期-附件1：检验项目.doc
2026-08-28 19:54:30 [DONE] [完成] 珠海: 共下载 1 个文件
2026-08-28 19:54:30 [DONE] [完成] 广州: 共下载 0 个文件
2026-08-28 19:54:31 [DONE] [完成] 中山: 共下载 3 个文件
2026-08-28 19:54:31 [INFO]   [下载] 2026-08/广东-第36期-附件1-13.doc
2026-08-28 19:54:31 [INFO]   [下载] 2026-08/江西-第11期-江西省市场监督管理局2026年第11期食品抽检情况的通告.pdf
2026-08-28 19:54:31 [DONE] [完成] 江西: 共下载 1 个文件
2026-08-28 19:54:35 [INFO]   [下载] 2026-08/江门-第8期-附件1：食品抽检信息汇总表.pdf
2026-08-28 19:54:35 [INFO]   [江门] 跳过不合格文件: 附件2：本次检验不合格项目的说明.docx
2026-08-28 19:54:36 [DONE] [完成] 深圳: 共下载 2 个文件
2026-08-28 19:54:36 [INFO]   [下载] 2026-08/河池-第03期-附件2：食品流通监督抽检合格产品信息.xlsx
2026-08-28 19:54:36 [INFO]   [河池] 跳过不合格文件: 附件3：食品流通监督抽检不合格产品信息.xlsx
2026-08-28 19:54:37 [INFO]   [下载] 2026-08/河池-第03期-附件4：部分检验项目的说明.doc
2026-08-28 19:54:40 [DONE] [完成] 广东: 共下载 3 个文件
2026-08-28 19:54:40 [DONE] [完成] 佛山: 共下载 0 个文件
2026-08-28 19:54:42 [DONE] [完成] 江门: 共下载 3 个文件
2026-08-28 19:54:57 [DONE] [完成] 河池: 共下载 6 个文件
2026-08-28 19:55:09 [DONE] [完成] 广西: 共下载 0 个文件
2026-08-28 19:55:09 [DONE] 
全部完成，共下载 21 个文件，保存在 ./2026-08 目录。
2026-08-28 19:55:09 [INFO] [OCR] 2026-08/江西-第11期-江西省市场监督管理局2026年第11期食品抽检情况的通告.pdf 文本极少(1页)，尝试扫描件 OCR
2026-08-28 19:55:10 [WARN] [OCR] tesseract 单页识别失败: Error opening data file /usr/share/tessdata/chi_sim.traineddata
Please make sure the TESSDATA_PREFIX environment variable is set to your "tessdata" directory.
Failed loading language 'chi_sim'
Error opening data file /usr/share/tessdata/eng.traineddata
Please make sure the TESSDATA_PREFIX environment variable is set to your "tessdata" directory.
Failed loading language 'eng'
Tesseract couldn't load any languages!
Could not initialize tesseract.

2026-08-28 19:55:10 [ERROR]   [搜索] 2026-08/江西-第11期-江西省市场监督管理局2026年第11期食品抽检情况的通告.pdf: OCR 未识别出文本（可能缺少对应语言包，或页面纯为图片/空白）
2026-08-28 19:55:10 [INFO] [OCR] 2026-08/江门-20260821-附件1：食品抽检信息汇总表.pdf 文本极少(5页)，尝试扫描件 OCR
2026-08-28 19:55:16 [WARN] [OCR] tesseract 单页识别失败: Error opening data file /usr/share/tessdata/chi_sim.traineddata
Please make sure the TESSDATA_PREFIX environment variable is set to your "tessdata" directory.
Failed loading language 'chi_sim'
Error opening data file /usr/share/tessdata/eng.traineddata
Please make sure the TESSDATA_PREFIX environment variable is set to your "tessdata" directory.
Failed loading language 'eng'
Tesseract couldn't load any languages!
Could not initialize tesseract.

2026-08-28 19:55:16 [WARN] [OCR] tesseract 单页识别失败: Error opening data file /usr/share/tessdata/chi_sim.traineddata
Please make sure the TESSDATA_PREFIX environment variable is set to your "tessdata" directory.
Failed loading language 'chi_sim'
Error opening data file /usr/share/tessdata/eng.traineddata
Please make sure the TESSDATA_PREFIX environment variable is set to your "tessdata" directory.
Failed loading language 'eng'
Tesseract couldn't load any languages!
Could not initialize tesseract.

2026-08-28 19:55:16 [WARN] [OCR] tesseract 单页识别失败: Error opening data file /usr/share/tessdata/chi_sim.traineddata
Please make sure the TESSDATA_PREFIX environment variable is set to your "tessdata" directory.
Failed loading language 'chi_sim'
Error opening data file /usr/share/tessdata/eng.traineddata
Please make sure the TESSDATA_PREFIX environment variable is set to your "tessdata" directory.
Failed loading language 'eng'
Tesseract couldn't load any languages!
Could not initialize tesseract.

2026-08-28 19:55:16 [WARN] [OCR] tesseract 单页识别失败: Error opening data file /usr/share/tessdata/chi_sim.traineddata
Please make sure the TESSDATA_PREFIX environment variable is set to your "tessdata" directory.
Failed loading language 'chi_sim'
Error opening data file /usr/share/tessdata/eng.traineddata
Please make sure the TESSDATA_PREFIX environment variable is set to your "tessdata" directory.
Failed loading language 'eng'
Tesseract couldn't load any languages!
Could not initialize tesseract.

2026-08-28 19:55:16 [WARN] [OCR] tesseract 单页识别失败: Error opening data file /usr/share/tessdata/chi_sim.traineddata
Please make sure the TESSDATA_PREFIX environment variable is set to your "tessdata" directory.
Failed loading language 'chi_sim'
Error opening data file /usr/share/tessdata/eng.traineddata
Please make sure the TESSDATA_PREFIX environment variable is set to your "tessdata" directory.
Failed loading language 'eng'
Tesseract couldn't load any languages!
Could not initialize tesseract.

2026-08-28 19:55:16 [ERROR]   [搜索] 2026-08/江门-20260821-附件1：食品抽检信息汇总表.pdf: OCR 未识别出文本（可能缺少对应语言包，或页面纯为图片/空白）
2026-08-28 19:55:16 [INFO] [OCR] 2026-08/江门-第8期-附件1：食品抽检信息汇总表.pdf 文本极少(74页)，尝试扫描件 OCR
2026-08-28 19:56:23 [WARN] [OCR] tesseract 单页识别失败: Error opening data file /usr/share/tessdata/chi_sim.traineddata
Please make sure the TESSDATA_PREFIX environment variable is set to your "tessdata" directory.
Failed loading language 'chi_sim'
Error opening data file /usr/share/tessdata/eng.traineddata
Please make sure the TESSDATA_PREFIX environment variable is set to your "tessdata" directory.
Failed loading language 'eng'
Tesseract couldn't load any languages!
Could not initialize tesseract.

2026-08-28 19:56:24 [WARN] [OCR] tesseract 单页识别失败: Error opening data file /usr/share/tessdata/chi_sim.traineddata
Please make sure the TESSDATA_PREFIX environment variable is set to your "tessdata" directory.
Failed loading language 'chi_sim'
Error opening data file /usr/share/tessdata/eng.traineddata
Please make sure the TESSDATA_PREFIX environment variable is set to your "tessdata" directory.
Failed loading language 'eng'
Tesseract couldn't load any languages!
Could not initialize tesseract.

2026-08-28 19:56:24 [WARN] [OCR] tesseract 单页识别失败: Error opening data file /usr/share/tessdata/chi_sim.traineddata
Please make sure the TESSDATA_PREFIX environment variable is set to your "tessdata" directory.
Failed loading language 'chi_sim'
Error opening data file /usr/share/tessdata/eng.traineddata
Please make sure the TESSDATA_PREFIX environment variable is set to your "tessdata" directory.
Failed loading language 'eng'
Tesseract couldn't load any languages!
Could not initialize tesseract.

2026-08-28 19:56:24 [WARN] [OCR] tesseract 单页识别失败: Error opening data file /usr/share/tessdata/chi_sim.traineddata
Please make sure the TESSDATA_PREFIX environment variable is set to your "tessdata" directory.
Failed loading language 'chi_sim'
Error opening data file /usr/share/tessdata/eng.traineddata
Please make sure the TESSDATA_PREFIX environment variable is set to your "tessdata" directory.
Failed loading language 'eng'
Tesseract couldn't load any languages!
Could not initialize tesseract.

2026-08-28 19:56:24 [WARN] [OCR] tesseract 单页识别失败: Error opening data file /usr/share/tessdata/chi_sim.traineddata
Please make sure the TESSDATA_PREFIX environment variable is set to your "tessdata" directory.
Failed loading language 'chi_sim'
Error opening data file /usr/share/tessdata/eng.traineddata
Please make sure the TESSDATA_PREFIX environment variable is set to your "tessdata" directory.
Failed loading language 'eng'
Tesseract couldn't load any languages!
Could not initialize tesseract.

2026-08-28 19:56:24 [WARN] [OCR] tesseract 单页识别失败: Error opening data file /usr/share/tessdata/chi_sim.traineddata
Please make sure the TESSDATA_PREFIX environment variable is set to your "tessdata" directory.
Failed loading language 'chi_sim'
Error opening data file /usr/share/tessdata/eng.traineddata
Please make sure the TESSDATA_PREFIX environment variable is set to your "tessdata" directory.
Failed loading language 'eng'
Tesseract couldn't load any languages!
Could not initialize tesseract.

2026-08-28 19:56:24 [WARN] [OCR] tesseract 单页识别失败: Error opening data file /usr/share/tessdata/chi_sim.traineddata
Please make sure the TESSDATA_PREFIX environment variable is set to your "tessdata" directory.
Failed loading language 'chi_sim'
Error opening data file /usr/share/tessdata/eng.traineddata
Please make sure the TESSDATA_PREFIX environment variable is set to your "tessdata" directory.
Failed loading language 'eng'
Tesseract couldn't load any languages!
Could not initialize tesseract.

2026-08-28 19:56:24 [WARN] [OCR] tesseract 单页识别失败: Error opening data file /usr/share/tessdata/chi_sim.traineddata
Please make sure the TESSDATA_PREFIX environment variable is set to your "tessdata" directory.
Failed loading language 'chi_sim'
Error opening data file /usr/share/tessdata/eng.traineddata
Please make sure the TESSDATA_PREFIX environment variable is set to your "tessdata" directory.
Failed loading language 'eng'
Tesseract couldn't load any languages!
Could not initialize tesseract.

2026-08-28 19:56:24 [WARN] [OCR] tesseract 单页识别失败: Error opening data file /usr/share/tessdata/chi_sim.traineddata
Please make sure the TESSDATA_PREFIX environment variable is set to your "tessdata" directory.
Failed loading language 'chi_sim'
Error opening data file /usr/share/tessdata/eng.traineddata
Please make sure the TESSDATA_PREFIX environment variable is set to your "tessdata" directory.
Failed loading language 'eng'
Tesseract couldn't load any languages!
Could not initialize tesseract.

2026-08-28 19:56:24 [WARN] [OCR] tesseract 单页识别失败: Error opening data file /usr/share/tessdata/chi_sim.traineddata
Please make sure the TESSDATA_PREFIX environment variable is set to your "tessdata" directory.
Failed loading language 'chi_sim'
Error opening data file /usr/share/tessdata/eng.traineddata
Please make sure the TESSDATA_PREFIX environment variable is set to your "tessdata" directory.
Failed loading language 'eng'
Tesseract couldn't load any languages!
Could not initialize tesseract.

2026-08-28 19:56:24 [WARN] [OCR] tesseract 单页识别失败: Error opening data file /usr/share/tessdata/chi_sim.traineddata
Please make sure the TESSDATA_PREFIX environment variable is set to your "tessdata" directory.
Failed loading language 'chi_sim'
Error opening data file /usr/share/tessdata/eng.traineddata
Please make sure the TESSDATA_PREFIX environment variable is set to your "tessdata" directory.
Failed loading language 'eng'
Tesseract couldn't load any languages!
Could not initialize tesseract.

2026-08-28 19:56:24 [WARN] [OCR] tesseract 单页识别失败: Error opening data file /usr/share/tessdata/chi_sim.traineddata
Please make sure the TESSDATA_PREFIX environment variable is set to your "tessdata" directory.
Failed loading language 'chi_sim'
Error opening data file /usr/share/tessdata/eng.traineddata
Please make sure the TESSDATA_PREFIX environment variable is set to your "tessdata" directory.
Failed loading language 'eng'
Tesseract couldn't load any languages!
Could not initialize tesseract.

2026-08-28 19:56:24 [WARN] [OCR] tesseract 单页识别失败: Error opening data file /usr/share/tessdata/chi_sim.traineddata
Please make sure the TESSDATA_PREFIX environment variable is set to your "tessdata" directory.
Failed loading language 'chi_sim'
Error opening data file /usr/share/tessdata/eng.traineddata
Please make sure the TESSDATA_PREFIX environment variable is set to your "tessdata" directory.
Failed loading language 'eng'
Tesseract couldn't load any languages!
Could not initialize tesseract.

2026-08-28 19:56:24 [WARN] [OCR] tesseract 单页识别失败: Error opening data file /usr/share/tessdata/chi_sim.traineddata
Please make sure the TESSDATA_PREFIX environment variable is set to your "tessdata" directory.
Failed loading language 'chi_sim'
Error opening data file /usr/share/tessdata/eng.traineddata
Please make sure the TESSDATA_PREFIX environment variable is set to your "tessdata" directory.
Failed loading language 'eng'
Tesseract couldn't load any languages!
Could not initialize tesseract.

2026-08-28 19:56:24 [WARN] [OCR] tesseract 单页识别失败: Error opening data file /usr/share/tessdata/chi_sim.traineddata
Please make sure the TESSDATA_PREFIX environment variable is set to your "tessdata" directory.
Failed loading language 'chi_sim'
Error opening data file /usr/share/tessdata/eng.traineddata
Please make sure the TESSDATA_PREFIX environment variable is set to your "tessdata" directory.
Failed loading language 'eng'
Tesseract couldn't load any languages!
Could not initialize tesseract.

2026-08-28 19:56:24 [WARN] [OCR] tesseract 单页识别失败: Error opening data file /usr/share/tessdata/chi_sim.traineddata
Please make sure the TESSDATA_PREFIX environment variable is set to your "tessdata" directory.
Failed loading language 'chi_sim'
Error opening data file /usr/share/tessdata/eng.traineddata
Please make sure the TESSDATA_PREFIX environment variable is set to your "tessdata" directory.
Failed loading language 'eng'
Tesseract couldn't load any languages!
Could not initialize tesseract.

2026-08-28 19:56:24 [WARN] [OCR] tesseract 单页识别失败: Error opening data file /usr/share/tessdata/chi_sim.traineddata
Please make sure the TESSDATA_PREFIX environment variable is set to your "tessdata" directory.
Failed loading language 'chi_sim'
Error opening data file /usr/share/tessdata/eng.traineddata
Please make sure the TESSDATA_PREFIX environment variable is set to your "tessdata" directory.
Failed loading language 'eng'
Tesseract couldn't load any languages!
Could not initialize tesseract.

2026-08-28 19:56:24 [WARN] [OCR] tesseract 单页识别失败: Error opening data file /usr/share/tessdata/chi_sim.traineddata
Please make sure the TESSDATA_PREFIX environment variable is set to your "tessdata" directory.
Failed loading language 'chi_sim'
Error opening data file /usr/share/tessdata/eng.traineddata
Please make sure the TESSDATA_PREFIX environment variable is set to your "tessdata" directory.
Failed loading language 'eng'
Tesseract couldn't load any languages!
Could not initialize tesseract.

2026-08-28 19:56:24 [WARN] [OCR] tesseract 单页识别失败: Error opening data file /usr/share/tessdata/chi_sim.traineddata
Please make sure the TESSDATA_PREFIX environment variable is set to your "tessdata" directory.
Failed loading language 'chi_sim'
Error opening data file /usr/share/tessdata/eng.traineddata
Please make sure the TESSDATA_PREFIX environment variable is set to your "tessdata" directory.
Failed loading language 'eng'
Tesseract couldn't load any languages!
Could not initialize tesseract.

2026-08-28 19:56:24 [WARN] [OCR] tesseract 单页识别失败: Error opening data file /usr/share/tessdata/chi_sim.traineddata
Please make sure the TESSDATA_PREFIX environment variable is set to your "tessdata" directory.
Failed loading language 'chi_sim'
Error opening data file /usr/share/tessdata/eng.traineddata
Please make sure the TESSDATA_PREFIX environment variable is set to your "tessdata" directory.
Failed loading language 'eng'
Tesseract couldn't load any languages!
Could not initialize tesseract.

2026-08-28 19:56:24 [WARN] [OCR] tesseract 单页识别失败: Error opening data file /usr/share/tessdata/chi_sim.traineddata
Please make sure the TESSDATA_PREFIX environment variable is set to your "tessdata" directory.
Failed loading language 'chi_sim'
Error opening data file /usr/share/tessdata/eng.traineddata
Please make sure the TESSDATA_PREFIX environment variable is set to your "tessdata" directory.
Failed loading language 'eng'
Tesseract couldn't load any languages!
Could not initialize tesseract.

2026-08-28 19:56:24 [WARN] [OCR] tesseract 单页识别失败: Error opening data file /usr/share/tessdata/chi_sim.traineddata
Please make sure the TESSDATA_PREFIX environment variable is set to your "tessdata" directory.
Failed loading language 'chi_sim'
Error opening data file /usr/share/tessdata/eng.traineddata
Please make sure the TESSDATA_PREFIX environment variable is set to your "tessdata" directory.
Failed loading language 'eng'
Tesseract couldn't load any languages!
Could not initialize tesseract.

2026-08-28 19:56:24 [WARN] [OCR] tesseract 单页识别失败: Error opening data file /usr/share/tessdata/chi_sim.traineddata
Please make sure the TESSDATA_PREFIX environment variable is set to your "tessdata" directory.
Failed loading language 'chi_sim'
Error opening data file /usr/share/tessdata/eng.traineddata
Please make sure the TESSDATA_PREFIX environment variable is set to your "tessdata" directory.
Failed loading language 'eng'
Tesseract couldn't load any languages!
Could not initialize tesseract.

2026-08-28 19:56:24 [WARN] [OCR] tesseract 单页识别失败: Error opening data file /usr/share/tessdata/chi_sim.traineddata
Please make sure the TESSDATA_PREFIX environment variable is set to your "tessdata" directory.
Failed loading language 'chi_sim'
Error opening data file /usr/share/tessdata/eng.traineddata
Please make sure the TESSDATA_PREFIX environment variable is set to your "tessdata" directory.
Failed loading language 'eng'
Tesseract couldn't load any languages!
Could not initialize tesseract.

2026-08-28 19:56:24 [WARN] [OCR] tesseract 单页识别失败: Error opening data file /usr/share/tessdata/chi_sim.traineddata
Please make sure the TESSDATA_PREFIX environment variable is set to your "tessdata" directory.
Failed loading language 'chi_sim'
Error opening data file /usr/share/tessdata/eng.traineddata
Please make sure the TESSDATA_PREFIX environment variable is set to your "tessdata" directory.
Failed loading language 'eng'
Tesseract couldn't load any languages!
Could not initialize tesseract.

2026-08-28 19:56:24 [WARN] [OCR] tesseract 单页识别失败: Error opening data file /usr/share/tessdata/chi_sim.traineddata
Please make sure the TESSDATA_PREFIX environment variable is set to your "tessdata" directory.
Failed loading language 'chi_sim'
Error opening data file /usr/share/tessdata/eng.traineddata
Please make sure the TESSDATA_PREFIX environment variable is set to your "tessdata" directory.
Failed loading language 'eng'
Tesseract couldn't load any languages!
Could not initialize tesseract.

2026-08-28 19:56:24 [WARN] [OCR] tesseract 单页识别失败: Error opening data file /usr/share/tessdata/chi_sim.traineddata
Please make sure the TESSDATA_PREFIX environment variable is set to your "tessdata" directory.
Failed loading language 'chi_sim'
Error opening data file /usr/share/tessdata/eng.traineddata
Please make sure the TESSDATA_PREFIX environment variable is set to your "tessdata" directory.
Failed loading language 'eng'
Tesseract couldn't load any languages!
Could not initialize tesseract.

2026-08-28 19:56:24 [WARN] [OCR] tesseract 单页识别失败: Error opening data file /usr/share/tessdata/chi_sim.traineddata
Please make sure the TESSDATA_PREFIX environment variable is set to your "tessdata" directory.
Failed loading language 'chi_sim'
Error opening data file /usr/share/tessdata/eng.traineddata
Please make sure the TESSDATA_PREFIX environment variable is set to your "tessdata" directory.
Failed loading language 'eng'
Tesseract couldn't load any languages!
Could not initialize tesseract.

2026-08-28 19:56:24 [WARN] [OCR] tesseract 单页识别失败: Error opening data file /usr/share/tessdata/chi_sim.traineddata
Please make sure the TESSDATA_PREFIX environment variable is set to your "tessdata" directory.
Failed loading language 'chi_sim'
Error opening data file /usr/share/tessdata/eng.traineddata
Please make sure the TESSDATA_PREFIX environment variable is set to your "tessdata" directory.
Failed loading language 'eng'
Tesseract couldn't load any languages!
Could not initialize tesseract.

2026-08-28 19:56:24 [WARN] [OCR] tesseract 单页识别失败: Error opening data file /usr/share/tessdata/chi_sim.traineddata
Please make sure the TESSDATA_PREFIX environment variable is set to your "tessdata" directory.
Failed loading language 'chi_sim'
Error opening data file /usr/share/tessdata/eng.traineddata
Please make sure the TESSDATA_PREFIX environment variable is set to your "tessdata" directory.
Failed loading language 'eng'
Tesseract couldn't load any languages!
Could not initialize tesseract.

2026-08-28 19:56:24 [WARN] [OCR] tesseract 单页识别失败: Error opening data file /usr/share/tessdata/chi_sim.traineddata
Please make sure the TESSDATA_PREFIX environment variable is set to your "tessdata" directory.
Failed loading language 'chi_sim'
Error opening data file /usr/share/tessdata/eng.traineddata
Please make sure the TESSDATA_PREFIX environment variable is set to your "tessdata" directory.
Failed loading language 'eng'
Tesseract couldn't load any languages!
Could not initialize tesseract.

2026-08-28 19:56:24 [WARN] [OCR] tesseract 单页识别失败: Error opening data file /usr/share/tessdata/chi_sim.traineddata
Please make sure the TESSDATA_PREFIX environment variable is set to your "tessdata" directory.
Failed loading language 'chi_sim'
Error opening data file /usr/share/tessdata/eng.traineddata
Please make sure the TESSDATA_PREFIX environment variable is set to your "tessdata" directory.
Failed loading language 'eng'
Tesseract couldn't load any languages!
Could not initialize tesseract.

2026-08-28 19:56:24 [WARN] [OCR] tesseract 单页识别失败: Error opening data file /usr/share/tessdata/chi_sim.traineddata
Please make sure the TESSDATA_PREFIX environment variable is set to your "tessdata" directory.
Failed loading language 'chi_sim'
Error opening data file /usr/share/tessdata/eng.traineddata
Please make sure the TESSDATA_PREFIX environment variable is set to your "tessdata" directory.
Failed loading language 'eng'
Tesseract couldn't load any languages!
Could not initialize tesseract.

2026-08-28 19:56:24 [WARN] [OCR] tesseract 单页识别失败: Error opening data file /usr/share/tessdata/chi_sim.traineddata
Please make sure the TESSDATA_PREFIX environment variable is set to your "tessdata" directory.
Failed loading language 'chi_sim'
Error opening data file /usr/share/tessdata/eng.traineddata
Please make sure the TESSDATA_PREFIX environment variable is set to your "tessdata" directory.
Failed loading language 'eng'
Tesseract couldn't load any languages!
Could not initialize tesseract.

2026-08-28 19:56:24 [WARN] [OCR] tesseract 单页识别失败: Error opening data file /usr/share/tessdata/chi_sim.traineddata
Please make sure the TESSDATA_PREFIX environment variable is set to your "tessdata" directory.
Failed loading language 'chi_sim'
Error opening data file /usr/share/tessdata/eng.traineddata
Please make sure the TESSDATA_PREFIX environment variable is set to your "tessdata" directory.
Failed loading language 'eng'
Tesseract couldn't load any languages!
Could not initialize tesseract.

2026-08-28 19:56:24 [WARN] [OCR] tesseract 单页识别失败: Error opening data file /usr/share/tessdata/chi_sim.traineddata
Please make sure the TESSDATA_PREFIX environment variable is set to your "tessdata" directory.
Failed loading language 'chi_sim'
Error opening data file /usr/share/tessdata/eng.traineddata
Please make sure the TESSDATA_PREFIX environment variable is set to your "tessdata" directory.
Failed loading language 'eng'
Tesseract couldn't load any languages!
Could not initialize tesseract.

2026-08-28 19:56:24 [WARN] [OCR] tesseract 单页识别失败: Error opening data file /usr/share/tessdata/chi_sim.traineddata
Please make sure the TESSDATA_PREFIX environment variable is set to your "tessdata" directory.
Failed loading language 'chi_sim'
Error opening data file /usr/share/tessdata/eng.traineddata
Please make sure the TESSDATA_PREFIX environment variable is set to your "tessdata" directory.
Failed loading language 'eng'
Tesseract couldn't load any languages!
Could not initialize tesseract.

2026-08-28 19:56:24 [WARN] [OCR] tesseract 单页识别失败: Error opening data file /usr/share/tessdata/chi_sim.traineddata
Please make sure the TESSDATA_PREFIX environment variable is set to your "tessdata" directory.
Failed loading language 'chi_sim'
Error opening data file /usr/share/tessdata/eng.traineddata
Please make sure the TESSDATA_PREFIX environment variable is set to your "tessdata" directory.
Failed loading language 'eng'
Tesseract couldn't load any languages!
Could not initialize tesseract.

2026-08-28 19:56:24 [WARN] [OCR] tesseract 单页识别失败: Error opening data file /usr/share/tessdata/chi_sim.traineddata
Please make sure the TESSDATA_PREFIX environment variable is set to your "tessdata" directory.
Failed loading language 'chi_sim'
Error opening data file /usr/share/tessdata/eng.traineddata
Please make sure the TESSDATA_PREFIX environment variable is set to your "tessdata" directory.
Failed loading language 'eng'
Tesseract couldn't load any languages!
Could not initialize tesseract.

2026-08-28 19:56:24 [WARN] [OCR] tesseract 单页识别失败: Error opening data file /usr/share/tessdata/chi_sim.traineddata
Please make sure the TESSDATA_PREFIX environment variable is set to your "tessdata" directory.
Failed loading language 'chi_sim'
Error opening data file /usr/share/tessdata/eng.traineddata
Please make sure the TESSDATA_PREFIX environment variable is set to your "tessdata" directory.
Failed loading language 'eng'
Tesseract couldn't load any languages!
Could not initialize tesseract.

2026-08-28 19:56:24 [WARN] [OCR] tesseract 单页识别失败: Error opening data file /usr/share/tessdata/chi_sim.traineddata
Please make sure the TESSDATA_PREFIX environment variable is set to your "tessdata" directory.
Failed loading language 'chi_sim'
Error opening data file /usr/share/tessdata/eng.traineddata
Please make sure the TESSDATA_PREFIX environment variable is set to your "tessdata" directory.
Failed loading language 'eng'
Tesseract couldn't load any languages!
Could not initialize tesseract.

2026-08-28 19:56:24 [WARN] [OCR] tesseract 单页识别失败: Error opening data file /usr/share/tessdata/chi_sim.traineddata
Please make sure the TESSDATA_PREFIX environment variable is set to your "tessdata" directory.
Failed loading language 'chi_sim'
Error opening data file /usr/share/tessdata/eng.traineddata
Please make sure the TESSDATA_PREFIX environment variable is set to your "tessdata" directory.
Failed loading language 'eng'
Tesseract couldn't load any languages!
Could not initialize tesseract.

2026-08-28 19:56:24 [WARN] [OCR] tesseract 单页识别失败: Error opening data file /usr/share/tessdata/chi_sim.traineddata
Please make sure the TESSDATA_PREFIX environment variable is set to your "tessdata" directory.
Failed loading language 'chi_sim'
Error opening data file /usr/share/tessdata/eng.traineddata
Please make sure the TESSDATA_PREFIX environment variable is set to your "tessdata" directory.
Failed loading language 'eng'
Tesseract couldn't load any languages!
Could not initialize tesseract.

2026-08-28 19:56:24 [WARN] [OCR] tesseract 单页识别失败: Error opening data file /usr/share/tessdata/chi_sim.traineddata
Please make sure the TESSDATA_PREFIX environment variable is set to your "tessdata" directory.
Failed loading language 'chi_sim'
Error opening data file /usr/share/tessdata/eng.traineddata
Please make sure the TESSDATA_PREFIX environment variable is set to your "tessdata" directory.
Failed loading language 'eng'
Tesseract couldn't load any languages!
Could not initialize tesseract.

2026-08-28 19:56:24 [WARN] [OCR] tesseract 单页识别失败: Error opening data file /usr/share/tessdata/chi_sim.traineddata
Please make sure the TESSDATA_PREFIX environment variable is set to your "tessdata" directory.
Failed loading language 'chi_sim'
Error opening data file /usr/share/tessdata/eng.traineddata
Please make sure the TESSDATA_PREFIX environment variable is set to your "tessdata" directory.
Failed loading language 'eng'
Tesseract couldn't load any languages!
Could not initialize tesseract.

2026-08-28 19:56:24 [WARN] [OCR] tesseract 单页识别失败: Error opening data file /usr/share/tessdata/chi_sim.traineddata
Please make sure the TESSDATA_PREFIX environment variable is set to your "tessdata" directory.
Failed loading language 'chi_sim'
Error opening data file /usr/share/tessdata/eng.traineddata
Please make sure the TESSDATA_PREFIX environment variable is set to your "tessdata" directory.
Failed loading language 'eng'
Tesseract couldn't load any languages!
Could not initialize tesseract.

2026-08-28 19:56:24 [WARN] [OCR] tesseract 单页识别失败: Error opening data file /usr/share/tessdata/chi_sim.traineddata
Please make sure the TESSDATA_PREFIX environment variable is set to your "tessdata" directory.
Failed loading language 'chi_sim'
Error opening data file /usr/share/tessdata/eng.traineddata
Please make sure the TESSDATA_PREFIX environment variable is set to your "tessdata" directory.
Failed loading language 'eng'
Tesseract couldn't load any languages!
Could not initialize tesseract.

2026-08-28 19:56:24 [WARN] [OCR] tesseract 单页识别失败: Error opening data file /usr/share/tessdata/chi_sim.traineddata
Please make sure the TESSDATA_PREFIX environment variable is set to your "tessdata" directory.
Failed loading language 'chi_sim'
Error opening data file /usr/share/tessdata/eng.traineddata
Please make sure the TESSDATA_PREFIX environment variable is set to your "tessdata" directory.
Failed loading language 'eng'
Tesseract couldn't load any languages!
Could not initialize tesseract.

2026-08-28 19:56:24 [WARN] [OCR] tesseract 单页识别失败: Error opening data file /usr/share/tessdata/chi_sim.traineddata
Please make sure the TESSDATA_PREFIX environment variable is set to your "tessdata" directory.
Failed loading language 'chi_sim'
Error opening data file /usr/share/tessdata/eng.traineddata
Please make sure the TESSDATA_PREFIX environment variable is set to your "tessdata" directory.
Failed loading language 'eng'
Tesseract couldn't load any languages!
Could not initialize tesseract.

2026-08-28 19:56:24 [WARN] [OCR] tesseract 单页识别失败: Error opening data file /usr/share/tessdata/chi_sim.traineddata
Please make sure the TESSDATA_PREFIX environment variable is set to your "tessdata" directory.
Failed loading language 'chi_sim'
Error opening data file /usr/share/tessdata/eng.traineddata
Please make sure the TESSDATA_PREFIX environment variable is set to your "tessdata" directory.
Failed loading language 'eng'
Tesseract couldn't load any languages!
Could not initialize tesseract.

2026-08-28 19:56:24 [WARN] [OCR] tesseract 单页识别失败: Error opening data file /usr/share/tessdata/chi_sim.traineddata
Please make sure the TESSDATA_PREFIX environment variable is set to your "tessdata" directory.
Failed loading language 'chi_sim'
Error opening data file /usr/share/tessdata/eng.traineddata
Please make sure the TESSDATA_PREFIX environment variable is set to your "tessdata" directory.
Failed loading language 'eng'
Tesseract couldn't load any languages!
Could not initialize tesseract.

2026-08-28 19:56:24 [WARN] [OCR] tesseract 单页识别失败: Error opening data file /usr/share/tessdata/chi_sim.traineddata
Please make sure the TESSDATA_PREFIX environment variable is set to your "tessdata" directory.
Failed loading language 'chi_sim'
Error opening data file /usr/share/tessdata/eng.traineddata
Please make sure the TESSDATA_PREFIX environment variable is set to your "tessdata" directory.
Failed loading language 'eng'
Tesseract couldn't load any languages!
Could not initialize tesseract.

2026-08-28 19:56:24 [WARN] [OCR] tesseract 单页识别失败: Error opening data file /usr/share/tessdata/chi_sim.traineddata
Please make sure the TESSDATA_PREFIX environment variable is set to your "tessdata" directory.
Failed loading language 'chi_sim'
Error opening data file /usr/share/tessdata/eng.traineddata
Please make sure the TESSDATA_PREFIX environment variable is set to your "tessdata" directory.
Failed loading language 'eng'
Tesseract couldn't load any languages!
Could not initialize tesseract.

2026-08-28 19:56:24 [WARN] [OCR] tesseract 单页识别失败: Error opening data file /usr/share/tessdata/chi_sim.traineddata
Please make sure the TESSDATA_PREFIX environment variable is set to your "tessdata" directory.
Failed loading language 'chi_sim'
Error opening data file /usr/share/tessdata/eng.traineddata
Please make sure the TESSDATA_PREFIX environment variable is set to your "tessdata" directory.
Failed loading language 'eng'
Tesseract couldn't load any languages!
Could not initialize tesseract.

2026-08-28 19:56:24 [WARN] [OCR] tesseract 单页识别失败: Error opening data file /usr/share/tessdata/chi_sim.traineddata
Please make sure the TESSDATA_PREFIX environment variable is set to your "tessdata" directory.
Failed loading language 'chi_sim'
Error opening data file /usr/share/tessdata/eng.traineddata
Please make sure the TESSDATA_PREFIX environment variable is set to your "tessdata" directory.
Failed loading language 'eng'
Tesseract couldn't load any languages!
Could not initialize tesseract.

2026-08-28 19:56:24 [WARN] [OCR] tesseract 单页识别失败: Error opening data file /usr/share/tessdata/chi_sim.traineddata
Please make sure the TESSDATA_PREFIX environment variable is set to your "tessdata" directory.
Failed loading language 'chi_sim'
Error opening data file /usr/share/tessdata/eng.traineddata
Please make sure the TESSDATA_PREFIX environment variable is set to your "tessdata" directory.
Failed loading language 'eng'
Tesseract couldn't load any languages!
Could not initialize tesseract.

2026-08-28 19:56:24 [WARN] [OCR] tesseract 单页识别失败: Error opening data file /usr/share/tessdata/chi_sim.traineddata
Please make sure the TESSDATA_PREFIX environment variable is set to your "tessdata" directory.
Failed loading language 'chi_sim'
Error opening data file /usr/share/tessdata/eng.traineddata
Please make sure the TESSDATA_PREFIX environment variable is set to your "tessdata" directory.
Failed loading language 'eng'
Tesseract couldn't load any languages!
Could not initialize tesseract.

2026-08-28 19:56:24 [WARN] [OCR] tesseract 单页识别失败: Error opening data file /usr/share/tessdata/chi_sim.traineddata
Please make sure the TESSDATA_PREFIX environment variable is set to your "tessdata" directory.
Failed loading language 'chi_sim'
Error opening data file /usr/share/tessdata/eng.traineddata
Please make sure the TESSDATA_PREFIX environment variable is set to your "tessdata" directory.
Failed loading language 'eng'
Tesseract couldn't load any languages!
Could not initialize tesseract.

2026-08-28 19:56:24 [WARN] [OCR] tesseract 单页识别失败: Error opening data file /usr/share/tessdata/chi_sim.traineddata
Please make sure the TESSDATA_PREFIX environment variable is set to your "tessdata" directory.
Failed loading language 'chi_sim'
Error opening data file /usr/share/tessdata/eng.traineddata
Please make sure the TESSDATA_PREFIX environment variable is set to your "tessdata" directory.
Failed loading language 'eng'
Tesseract couldn't load any languages!
Could not initialize tesseract.

2026-08-28 19:56:24 [WARN] [OCR] tesseract 单页识别失败: Error opening data file /usr/share/tessdata/chi_sim.traineddata
Please make sure the TESSDATA_PREFIX environment variable is set to your "tessdata" directory.
Failed loading language 'chi_sim'
Error opening data file /usr/share/tessdata/eng.traineddata
Please make sure the TESSDATA_PREFIX environment variable is set to your "tessdata" directory.
Failed loading language 'eng'
Tesseract couldn't load any languages!
Could not initialize tesseract.

2026-08-28 19:56:24 [WARN] [OCR] tesseract 单页识别失败: Error opening data file /usr/share/tessdata/chi_sim.traineddata
Please make sure the TESSDATA_PREFIX environment variable is set to your "tessdata" directory.
Failed loading language 'chi_sim'
Error opening data file /usr/share/tessdata/eng.traineddata
Please make sure the TESSDATA_PREFIX environment variable is set to your "tessdata" directory.
Failed loading language 'eng'
Tesseract couldn't load any languages!
Could not initialize tesseract.

2026-08-28 19:56:24 [WARN] [OCR] tesseract 单页识别失败: Error opening data file /usr/share/tessdata/chi_sim.traineddata
Please make sure the TESSDATA_PREFIX environment variable is set to your "tessdata" directory.
Failed loading language 'chi_sim'
Error opening data file /usr/share/tessdata/eng.traineddata
Please make sure the TESSDATA_PREFIX environment variable is set to your "tessdata" directory.
Failed loading language 'eng'
Tesseract couldn't load any languages!
Could not initialize tesseract.

2026-08-28 19:56:24 [WARN] [OCR] tesseract 单页识别失败: Error opening data file /usr/share/tessdata/chi_sim.traineddata
Please make sure the TESSDATA_PREFIX environment variable is set to your "tessdata" directory.
Failed loading language 'chi_sim'
Error opening data file /usr/share/tessdata/eng.traineddata
Please make sure the TESSDATA_PREFIX environment variable is set to your "tessdata" directory.
Failed loading language 'eng'
Tesseract couldn't load any languages!
Could not initialize tesseract.

2026-08-28 19:56:24 [WARN] [OCR] tesseract 单页识别失败: Error opening data file /usr/share/tessdata/chi_sim.traineddata
Please make sure the TESSDATA_PREFIX environment variable is set to your "tessdata" directory.
Failed loading language 'chi_sim'
Error opening data file /usr/share/tessdata/eng.traineddata
Please make sure the TESSDATA_PREFIX environment variable is set to your "tessdata" directory.
Failed loading language 'eng'
Tesseract couldn't load any languages!
Could not initialize tesseract.

2026-08-28 19:56:24 [WARN] [OCR] tesseract 单页识别失败: Error opening data file /usr/share/tessdata/chi_sim.traineddata
Please make sure the TESSDATA_PREFIX environment variable is set to your "tessdata" directory.
Failed loading language 'chi_sim'
Error opening data file /usr/share/tessdata/eng.traineddata
Please make sure the TESSDATA_PREFIX environment variable is set to your "tessdata" directory.
Failed loading language 'eng'
Tesseract couldn't load any languages!
Could not initialize tesseract.

2026-08-28 19:56:24 [WARN] [OCR] tesseract 单页识别失败: Error opening data file /usr/share/tessdata/chi_sim.traineddata
Please make sure the TESSDATA_PREFIX environment variable is set to your "tessdata" directory.
Failed loading language 'chi_sim'
Error opening data file /usr/share/tessdata/eng.traineddata
Please make sure the TESSDATA_PREFIX environment variable is set to your "tessdata" directory.
Failed loading language 'eng'
Tesseract couldn't load any languages!
Could not initialize tesseract.

2026-08-28 19:56:24 [WARN] [OCR] tesseract 单页识别失败: Error opening data file /usr/share/tessdata/chi_sim.traineddata
Please make sure the TESSDATA_PREFIX environment variable is set to your "tessdata" directory.
Failed loading language 'chi_sim'
Error opening data file /usr/share/tessdata/eng.traineddata
Please make sure the TESSDATA_PREFIX environment variable is set to your "tessdata" directory.
Failed loading language 'eng'
Tesseract couldn't load any languages!
Could not initialize tesseract.

2026-08-28 19:56:24 [WARN] [OCR] tesseract 单页识别失败: Error opening data file /usr/share/tessdata/chi_sim.traineddata
Please make sure the TESSDATA_PREFIX environment variable is set to your "tessdata" directory.
Failed loading language 'chi_sim'
Error opening data file /usr/share/tessdata/eng.traineddata
Please make sure the TESSDATA_PREFIX environment variable is set to your "tessdata" directory.
Failed loading language 'eng'
Tesseract couldn't load any languages!
Could not initialize tesseract.

2026-08-28 19:56:24 [WARN] [OCR] tesseract 单页识别失败: Error opening data file /usr/share/tessdata/chi_sim.traineddata
Please make sure the TESSDATA_PREFIX environment variable is set to your "tessdata" directory.
Failed loading language 'chi_sim'
Error opening data file /usr/share/tessdata/eng.traineddata
Please make sure the TESSDATA_PREFIX environment variable is set to your "tessdata" directory.
Failed loading language 'eng'
Tesseract couldn't load any languages!
Could not initialize tesseract.

2026-08-28 19:56:24 [WARN] [OCR] tesseract 单页识别失败: Error opening data file /usr/share/tessdata/chi_sim.traineddata
Please make sure the TESSDATA_PREFIX environment variable is set to your "tessdata" directory.
Failed loading language 'chi_sim'
Error opening data file /usr/share/tessdata/eng.traineddata
Please make sure the TESSDATA_PREFIX environment variable is set to your "tessdata" directory.
Failed loading language 'eng'
Tesseract couldn't load any languages!
Could not initialize tesseract.

2026-08-28 19:56:24 [WARN] [OCR] tesseract 单页识别失败: Error opening data file /usr/share/tessdata/chi_sim.traineddata
Please make sure the TESSDATA_PREFIX environment variable is set to your "tessdata" directory.
Failed loading language 'chi_sim'
Error opening data file /usr/share/tessdata/eng.traineddata
Please make sure the TESSDATA_PREFIX environment variable is set to your "tessdata" directory.
Failed loading language 'eng'
Tesseract couldn't load any languages!
Could not initialize tesseract.

2026-08-28 19:56:24 [WARN] [OCR] tesseract 单页识别失败: Error opening data file /usr/share/tessdata/chi_sim.traineddata
Please make sure the TESSDATA_PREFIX environment variable is set to your "tessdata" directory.
Failed loading language 'chi_sim'
Error opening data file /usr/share/tessdata/eng.traineddata
Please make sure the TESSDATA_PREFIX environment variable is set to your "tessdata" directory.
Failed loading language 'eng'
Tesseract couldn't load any languages!
Could not initialize tesseract.

2026-08-28 19:56:24 [WARN] [OCR] tesseract 单页识别失败: Error opening data file /usr/share/tessdata/chi_sim.traineddata
Please make sure the TESSDATA_PREFIX environment variable is set to your "tessdata" directory.
Failed loading language 'chi_sim'
Error opening data file /usr/share/tessdata/eng.traineddata
Please make sure the TESSDATA_PREFIX environment variable is set to your "tessdata" directory.
Failed loading language 'eng'
Tesseract couldn't load any languages!
Could not initialize tesseract.

2026-08-28 19:56:24 [WARN] [OCR] tesseract 单页识别失败: Error opening data file /usr/share/tessdata/chi_sim.traineddata
Please make sure the TESSDATA_PREFIX environment variable is set to your "tessdata" directory.
Failed loading language 'chi_sim'
Error opening data file /usr/share/tessdata/eng.traineddata
Please make sure the TESSDATA_PREFIX environment variable is set to your "tessdata" directory.
Failed loading language 'eng'
Tesseract couldn't load any languages!
Could not initialize tesseract.

2026-08-28 19:56:24 [ERROR]   [搜索] 2026-08/江门-第8期-附件1：食品抽检信息汇总表.pdf: OCR 未识别出文本（可能缺少对应语言包，或页面纯为图片/空白）
2026-08-28 19:56:24 [INFO] [OCR] 2026-08/江门-第9期-附件1：食品抽检信息汇总表.pdf 文本极少(31页)，尝试扫描件 OCR
2026-08-28 19:57:02 [WARN] [OCR] tesseract 单页识别失败: Error opening data file /usr/share/tessdata/chi_sim.traineddata
Please make sure the TESSDATA_PREFIX environment variable is set to your "tessdata" directory.
Failed loading language 'chi_sim'
Error opening data file /usr/share/tessdata/eng.traineddata
Please make sure the TESSDATA_PREFIX environment variable is set to your "tessdata" directory.
Failed loading language 'eng'
Tesseract couldn't load any languages!
Could not initialize tesseract.

2026-08-28 19:57:02 [WARN] [OCR] tesseract 单页识别失败: Error opening data file /usr/share/tessdata/chi_sim.traineddata
Please make sure the TESSDATA_PREFIX environment variable is set to your "tessdata" directory.
Failed loading language 'chi_sim'
Error opening data file /usr/share/tessdata/eng.traineddata
Please make sure the TESSDATA_PREFIX environment variable is set to your "tessdata" directory.
Failed loading language 'eng'
Tesseract couldn't load any languages!
Could not initialize tesseract.

2026-08-28 19:57:02 [WARN] [OCR] tesseract 单页识别失败: Error opening data file /usr/share/tessdata/chi_sim.traineddata
Please make sure the TESSDATA_PREFIX environment variable is set to your "tessdata" directory.
Failed loading language 'chi_sim'
Error opening data file /usr/share/tessdata/eng.traineddata
Please make sure the TESSDATA_PREFIX environment variable is set to your "tessdata" directory.
Failed loading language 'eng'
Tesseract couldn't load any languages!
Could not initialize tesseract.

2026-08-28 19:57:02 [WARN] [OCR] tesseract 单页识别失败: Error opening data file /usr/share/tessdata/chi_sim.traineddata
Please make sure the TESSDATA_PREFIX environment variable is set to your "tessdata" directory.
Failed loading language 'chi_sim'
Error opening data file /usr/share/tessdata/eng.traineddata
Please make sure the TESSDATA_PREFIX environment variable is set to your "tessdata" directory.
Failed loading language 'eng'
Tesseract couldn't load any languages!
Could not initialize tesseract.

2026-08-28 19:57:02 [WARN] [OCR] tesseract 单页识别失败: Error opening data file /usr/share/tessdata/chi_sim.traineddata
Please make sure the TESSDATA_PREFIX environment variable is set to your "tessdata" directory.
Failed loading language 'chi_sim'
Error opening data file /usr/share/tessdata/eng.traineddata
Please make sure the TESSDATA_PREFIX environment variable is set to your "tessdata" directory.
Failed loading language 'eng'
Tesseract couldn't load any languages!
Could not initialize tesseract.

2026-08-28 19:57:02 [WARN] [OCR] tesseract 单页识别失败: Error opening data file /usr/share/tessdata/chi_sim.traineddata
Please make sure the TESSDATA_PREFIX environment variable is set to your "tessdata" directory.
Failed loading language 'chi_sim'
Error opening data file /usr/share/tessdata/eng.traineddata
Please make sure the TESSDATA_PREFIX environment variable is set to your "tessdata" directory.
Failed loading language 'eng'
Tesseract couldn't load any languages!
Could not initialize tesseract.

2026-08-28 19:57:02 [WARN] [OCR] tesseract 单页识别失败: Error opening data file /usr/share/tessdata/chi_sim.traineddata
Please make sure the TESSDATA_PREFIX environment variable is set to your "tessdata" directory.
Failed loading language 'chi_sim'
Error opening data file /usr/share/tessdata/eng.traineddata
Please make sure the TESSDATA_PREFIX environment variable is set to your "tessdata" directory.
Failed loading language 'eng'
Tesseract couldn't load any languages!
Could not initialize tesseract.

2026-08-28 19:57:02 [WARN] [OCR] tesseract 单页识别失败: Error opening data file /usr/share/tessdata/chi_sim.traineddata
Please make sure the TESSDATA_PREFIX environment variable is set to your "tessdata" directory.
Failed loading language 'chi_sim'
Error opening data file /usr/share/tessdata/eng.traineddata
Please make sure the TESSDATA_PREFIX environment variable is set to your "tessdata" directory.
Failed loading language 'eng'
Tesseract couldn't load any languages!
Could not initialize tesseract.

2026-08-28 19:57:02 [WARN] [OCR] tesseract 单页识别失败: Error opening data file /usr/share/tessdata/chi_sim.traineddata
Please make sure the TESSDATA_PREFIX environment variable is set to your "tessdata" directory.
Failed loading language 'chi_sim'
Error opening data file /usr/share/tessdata/eng.traineddata
Please make sure the TESSDATA_PREFIX environment variable is set to your "tessdata" directory.
Failed loading language 'eng'
Tesseract couldn't load any languages!
Could not initialize tesseract.

2026-08-28 19:57:02 [WARN] [OCR] tesseract 单页识别失败: Error opening data file /usr/share/tessdata/chi_sim.traineddata
Please make sure the TESSDATA_PREFIX environment variable is set to your "tessdata" directory.
Failed loading language 'chi_sim'
Error opening data file /usr/share/tessdata/eng.traineddata
Please make sure the TESSDATA_PREFIX environment variable is set to your "tessdata" directory.
Failed loading language 'eng'
Tesseract couldn't load any languages!
Could not initialize tesseract.

2026-08-28 19:57:02 [WARN] [OCR] tesseract 单页识别失败: Error opening data file /usr/share/tessdata/chi_sim.traineddata
Please make sure the TESSDATA_PREFIX environment variable is set to your "tessdata" directory.
Failed loading language 'chi_sim'
Error opening data file /usr/share/tessdata/eng.traineddata
Please make sure the TESSDATA_PREFIX environment variable is set to your "tessdata" directory.
Failed loading language 'eng'
Tesseract couldn't load any languages!
Could not initialize tesseract.

2026-08-28 19:57:02 [WARN] [OCR] tesseract 单页识别失败: Error opening data file /usr/share/tessdata/chi_sim.traineddata
Please make sure the TESSDATA_PREFIX environment variable is set to your "tessdata" directory.
Failed loading language 'chi_sim'
Error opening data file /usr/share/tessdata/eng.traineddata
Please make sure the TESSDATA_PREFIX environment variable is set to your "tessdata" directory.
Failed loading language 'eng'
Tesseract couldn't load any languages!
Could not initialize tesseract.

2026-08-28 19:57:02 [WARN] [OCR] tesseract 单页识别失败: Error opening data file /usr/share/tessdata/chi_sim.traineddata
Please make sure the TESSDATA_PREFIX environment variable is set to your "tessdata" directory.
Failed loading language 'chi_sim'
Error opening data file /usr/share/tessdata/eng.traineddata
Please make sure the TESSDATA_PREFIX environment variable is set to your "tessdata" directory.
Failed loading language 'eng'
Tesseract couldn't load any languages!
Could not initialize tesseract.

2026-08-28 19:57:02 [WARN] [OCR] tesseract 单页识别失败: Error opening data file /usr/share/tessdata/chi_sim.traineddata
Please make sure the TESSDATA_PREFIX environment variable is set to your "tessdata" directory.
Failed loading language 'chi_sim'
Error opening data file /usr/share/tessdata/eng.traineddata
Please make sure the TESSDATA_PREFIX environment variable is set to your "tessdata" directory.
Failed loading language 'eng'
Tesseract couldn't load any languages!
Could not initialize tesseract.

2026-08-28 19:57:02 [WARN] [OCR] tesseract 单页识别失败: Error opening data file /usr/share/tessdata/chi_sim.traineddata
Please make sure the TESSDATA_PREFIX environment variable is set to your "tessdata" directory.
Failed loading language 'chi_sim'
Error opening data file /usr/share/tessdata/eng.traineddata
Please make sure the TESSDATA_PREFIX environment variable is set to your "tessdata" directory.
Failed loading language 'eng'
Tesseract couldn't load any languages!
Could not initialize tesseract.

2026-08-28 19:57:02 [WARN] [OCR] tesseract 单页识别失败: Error opening data file /usr/share/tessdata/chi_sim.traineddata
Please make sure the TESSDATA_PREFIX environment variable is set to your "tessdata" directory.
Failed loading language 'chi_sim'
Error opening data file /usr/share/tessdata/eng.traineddata
Please make sure the TESSDATA_PREFIX environment variable is set to your "tessdata" directory.
Failed loading language 'eng'
Tesseract couldn't load any languages!
Could not initialize tesseract.

2026-08-28 19:57:02 [WARN] [OCR] tesseract 单页识别失败: Error opening data file /usr/share/tessdata/chi_sim.traineddata
Please make sure the TESSDATA_PREFIX environment variable is set to your "tessdata" directory.
Failed loading language 'chi_sim'
Error opening data file /usr/share/tessdata/eng.traineddata
Please make sure the TESSDATA_PREFIX environment variable is set to your "tessdata" directory.
Failed loading language 'eng'
Tesseract couldn't load any languages!
Could not initialize tesseract.

2026-08-28 19:57:02 [WARN] [OCR] tesseract 单页识别失败: Error opening data file /usr/share/tessdata/chi_sim.traineddata
Please make sure the TESSDATA_PREFIX environment variable is set to your "tessdata" directory.
Failed loading language 'chi_sim'
Error opening data file /usr/share/tessdata/eng.traineddata
Please make sure the TESSDATA_PREFIX environment variable is set to your "tessdata" directory.
Failed loading language 'eng'
Tesseract couldn't load any languages!
Could not initialize tesseract.

2026-08-28 19:57:02 [WARN] [OCR] tesseract 单页识别失败: Error opening data file /usr/share/tessdata/chi_sim.traineddata
Please make sure the TESSDATA_PREFIX environment variable is set to your "tessdata" directory.
Failed loading language 'chi_sim'
Error opening data file /usr/share/tessdata/eng.traineddata
Please make sure the TESSDATA_PREFIX environment variable is set to your "tessdata" directory.
Failed loading language 'eng'
Tesseract couldn't load any languages!
Could not initialize tesseract.

2026-08-28 19:57:02 [WARN] [OCR] tesseract 单页识别失败: Error opening data file /usr/share/tessdata/chi_sim.traineddata
Please make sure the TESSDATA_PREFIX environment variable is set to your "tessdata" directory.
Failed loading language 'chi_sim'
Error opening data file /usr/share/tessdata/eng.traineddata
Please make sure the TESSDATA_PREFIX environment variable is set to your "tessdata" directory.
Failed loading language 'eng'
Tesseract couldn't load any languages!
Could not initialize tesseract.

2026-08-28 19:57:02 [WARN] [OCR] tesseract 单页识别失败: Error opening data file /usr/share/tessdata/chi_sim.traineddata
Please make sure the TESSDATA_PREFIX environment variable is set to your "tessdata" directory.
Failed loading language 'chi_sim'
Error opening data file /usr/share/tessdata/eng.traineddata
Please make sure the TESSDATA_PREFIX environment variable is set to your "tessdata" directory.
Failed loading language 'eng'
Tesseract couldn't load any languages!
Could not initialize tesseract.

2026-08-28 19:57:02 [WARN] [OCR] tesseract 单页识别失败: Error opening data file /usr/share/tessdata/chi_sim.traineddata
Please make sure the TESSDATA_PREFIX environment variable is set to your "tessdata" directory.
Failed loading language 'chi_sim'
Error opening data file /usr/share/tessdata/eng.traineddata
Please make sure the TESSDATA_PREFIX environment variable is set to your "tessdata" directory.
Failed loading language 'eng'
Tesseract couldn't load any languages!
Could not initialize tesseract.

2026-08-28 19:57:02 [WARN] [OCR] tesseract 单页识别失败: Error opening data file /usr/share/tessdata/chi_sim.traineddata
Please make sure the TESSDATA_PREFIX environment variable is set to your "tessdata" directory.
Failed loading language 'chi_sim'
Error opening data file /usr/share/tessdata/eng.traineddata
Please make sure the TESSDATA_PREFIX environment variable is set to your "tessdata" directory.
Failed loading language 'eng'
Tesseract couldn't load any languages!
Could not initialize tesseract.

2026-08-28 19:57:02 [WARN] [OCR] tesseract 单页识别失败: Error opening data file /usr/share/tessdata/chi_sim.traineddata
Please make sure the TESSDATA_PREFIX environment variable is set to your "tessdata" directory.
Failed loading language 'chi_sim'
Error opening data file /usr/share/tessdata/eng.traineddata
Please make sure the TESSDATA_PREFIX environment variable is set to your "tessdata" directory.
Failed loading language 'eng'
Tesseract couldn't load any languages!
Could not initialize tesseract.

2026-08-28 19:57:02 [WARN] [OCR] tesseract 单页识别失败: Error opening data file /usr/share/tessdata/chi_sim.traineddata
Please make sure the TESSDATA_PREFIX environment variable is set to your "tessdata" directory.
Failed loading language 'chi_sim'
Error opening data file /usr/share/tessdata/eng.traineddata
Please make sure the TESSDATA_PREFIX environment variable is set to your "tessdata" directory.
Failed loading language 'eng'
Tesseract couldn't load any languages!
Could not initialize tesseract.

2026-08-28 19:57:02 [WARN] [OCR] tesseract 单页识别失败: Error opening data file /usr/share/tessdata/chi_sim.traineddata
Please make sure the TESSDATA_PREFIX environment variable is set to your "tessdata" directory.
Failed loading language 'chi_sim'
Error opening data file /usr/share/tessdata/eng.traineddata
Please make sure the TESSDATA_PREFIX environment variable is set to your "tessdata" directory.
Failed loading language 'eng'
Tesseract couldn't load any languages!
Could not initialize tesseract.

2026-08-28 19:57:02 [WARN] [OCR] tesseract 单页识别失败: Error opening data file /usr/share/tessdata/chi_sim.traineddata
Please make sure the TESSDATA_PREFIX environment variable is set to your "tessdata" directory.
Failed loading language 'chi_sim'
Error opening data file /usr/share/tessdata/eng.traineddata
Please make sure the TESSDATA_PREFIX environment variable is set to your "tessdata" directory.
Failed loading language 'eng'
Tesseract couldn't load any languages!
Could not initialize tesseract.

2026-08-28 19:57:03 [WARN] [OCR] tesseract 单页识别失败: Error opening data file /usr/share/tessdata/chi_sim.traineddata
Please make sure the TESSDATA_PREFIX environment variable is set to your "tessdata" directory.
Failed loading language 'chi_sim'
Error opening data file /usr/share/tessdata/eng.traineddata
Please make sure the TESSDATA_PREFIX environment variable is set to your "tessdata" directory.
Failed loading language 'eng'
Tesseract couldn't load any languages!
Could not initialize tesseract.

2026-08-28 19:57:03 [WARN] [OCR] tesseract 单页识别失败: Error opening data file /usr/share/tessdata/chi_sim.traineddata
Please make sure the TESSDATA_PREFIX environment variable is set to your "tessdata" directory.
Failed loading language 'chi_sim'
Error opening data file /usr/share/tessdata/eng.traineddata
Please make sure the TESSDATA_PREFIX environment variable is set to your "tessdata" directory.
Failed loading language 'eng'
Tesseract couldn't load any languages!
Could not initialize tesseract.

2026-08-28 19:57:03 [WARN] [OCR] tesseract 单页识别失败: Error opening data file /usr/share/tessdata/chi_sim.traineddata
Please make sure the TESSDATA_PREFIX environment variable is set to your "tessdata" directory.
Failed loading language 'chi_sim'
Error opening data file /usr/share/tessdata/eng.traineddata
Please make sure the TESSDATA_PREFIX environment variable is set to your "tessdata" directory.
Failed loading language 'eng'
Tesseract couldn't load any languages!
Could not initialize tesseract.

2026-08-28 19:57:03 [WARN] [OCR] tesseract 单页识别失败: Error opening data file /usr/share/tessdata/chi_sim.traineddata
Please make sure the TESSDATA_PREFIX environment variable is set to your "tessdata" directory.
Failed loading language 'chi_sim'
Error opening data file /usr/share/tessdata/eng.traineddata
Please make sure the TESSDATA_PREFIX environment variable is set to your "tessdata" directory.
Failed loading language 'eng'
Tesseract couldn't load any languages!
Could not initialize tesseract.

2026-08-28 19:57:03 [ERROR]   [搜索] 2026-08/江门-第9期-附件1：食品抽检信息汇总表.pdf: OCR 未识别出文本（可能缺少对应语言包，或页面纯为图片/空白）
2026-08-28 19:57:03 [INFO] [搜索] 扫描 17/21 个文件，命中 1 条，结果写入 result.db
2026-08-28 19:57:03 [INFO] [搜索] 「天地壹号」 命中 1 处
2026-08-28 19:57:03 [INFO] [搜索] 「天晨」 命中 0 处
2026-08-28 19:57:03 [INFO] [搜索] 「巴马世界」 命中 0 处
2026-08-28 20:00:40 [INFO] [OCR] 2026-08/江西-第11期-江西省市场监督管理局2026年第11期食品抽检情况的通告.pdf 文本极少(1页)，尝试扫描件 OCR
2026-08-28 20:00:40 [ERROR]   [搜索] 2026-08/江西-第11期-江西省市场监督管理局2026年第11期食品抽检情况的通告.pdf: OCR 不可用：tesseract 未安装或语言包缺失（请安装 chi_sim / eng 等）
2026-08-28 20:00:40 [INFO] [OCR] 2026-08/江门-20260821-附件1：食品抽检信息汇总表.pdf 文本极少(5页)，尝试扫描件 OCR
2026-08-28 20:00:40 [ERROR]   [搜索] 2026-08/江门-20260821-附件1：食品抽检信息汇总表.pdf: OCR 不可用：tesseract 未安装或语言包缺失（请安装 chi_sim / eng 等）
2026-08-28 20:00:40 [INFO] [OCR] 2026-08/江门-第8期-附件1：食品抽检信息汇总表.pdf 文本极少(74页)，尝试扫描件 OCR
2026-08-28 20:00:40 [ERROR]   [搜索] 2026-08/江门-第8期-附件1：食品抽检信息汇总表.pdf: OCR 不可用：tesseract 未安装或语言包缺失（请安装 chi_sim / eng 等）
2026-08-28 20:00:40 [INFO] [OCR] 2026-08/江门-第9期-附件1：食品抽检信息汇总表.pdf 文本极少(31页)，尝试扫描件 OCR
2026-08-28 20:00:40 [ERROR]   [搜索] 2026-08/江门-第9期-附件1：食品抽检信息汇总表.pdf: OCR 不可用：tesseract 未安装或语言包缺失（请安装 chi_sim / eng 等）
2026-08-28 20:00:44 [INFO] [搜索] 扫描 17/21 个文件，命中 1 条，结果写入 result.db
2026-08-28 20:00:44 [INFO] [搜索] 「天地壹号」 命中 1 处
2026-08-28 20:00:44 [INFO] [搜索] 「天晨」 命中 0 处
2026-08-28 20:00:44 [INFO] [搜索] 「巴马世界」 命中 0 处
2026-08-28 20:06:36 [INFO] [OCR] 2026-08/江西-第11期-江西省市场监督管理局2026年第11期食品抽检情况的通告.pdf 判定需 OCR（扫描件/文本极少），尝试识别
2026-08-28 20:06:36 [ERROR]   [搜索] 2026-08/江西-第11期-江西省市场监督管理局2026年第11期食品抽检情况的通告.pdf: OCR 不可用：tesseract 未安装或语言包缺失（请安装 chi_sim / eng 等）
2026-08-28 20:06:36 [INFO] [OCR] 2026-08/江门-20260821-附件1：食品抽检信息汇总表.pdf 判定需 OCR（扫描件/文本极少），尝试识别
2026-08-28 20:06:36 [ERROR]   [搜索] 2026-08/江门-20260821-附件1：食品抽检信息汇总表.pdf: OCR 不可用：tesseract 未安装或语言包缺失（请安装 chi_sim / eng 等）
2026-08-28 20:06:39 [INFO] [OCR] 2026-08/江门-第8期-附件1：食品抽检信息汇总表.pdf 判定需 OCR（扫描件/文本极少），尝试识别
2026-08-28 20:06:39 [ERROR]   [搜索] 2026-08/江门-第8期-附件1：食品抽检信息汇总表.pdf: OCR 不可用：tesseract 未安装或语言包缺失（请安装 chi_sim / eng 等）
2026-08-28 20:06:39 [INFO] [OCR] 2026-08/江门-第9期-附件1：食品抽检信息汇总表.pdf 判定需 OCR（扫描件/文本极少），尝试识别
2026-08-28 20:06:39 [ERROR]   [搜索] 2026-08/江门-第9期-附件1：食品抽检信息汇总表.pdf: OCR 不可用：tesseract 未安装或语言包缺失（请安装 chi_sim / eng 等）
2026-08-28 20:06:44 [INFO] [搜索] 扫描 17/21 个文件，命中 1 条，结果写入 result.db
2026-08-28 20:06:44 [INFO] [搜索] 「天地壹号」 命中 1 处
2026-08-28 20:06:44 [INFO] [搜索] 「天晨」 命中 0 处
2026-08-28 20:06:44 [INFO] [搜索] 「巴马世界」 命中 0 处
2026-08-28 20:10:14 [INFO] [OCR] 2026-08/江西-第11期-江西省市场监督管理局2026年第11期食品抽检情况的通告.pdf 判定需 OCR（扫描件/文本极少），尝试识别
2026-08-28 20:10:18 [INFO] [OCR] 2026-08/江门-20260821-附件1：食品抽检信息汇总表.pdf 判定需 OCR（扫描件/文本极少），尝试识别
2026-08-28 20:11:27 [INFO] [OCR] 2026-08/江门-第8期-附件1：食品抽检信息汇总表.pdf 判定需 OCR（扫描件/文本极少），尝试识别
2026-08-28 20:16:55 [INFO] [OCR] 2026-08/江门-第9期-附件1：食品抽检信息汇总表.pdf 判定需 OCR（扫描件/文本极少），尝试识别
2026-08-28 20:24:21 [INFO] [OCR] 2026-08/江西-第11期-江西省市场监督管理局2026年第11期食品抽检情况的通告.pdf 判定需 OCR（扫描件/文本极少），尝试识别
2026-08-28 20:24:24 [INFO] [OCR] 2026-08/江门-20260821-附件1：食品抽检信息汇总表.pdf 判定需 OCR（扫描件/文本极少），尝试识别
2026-08-28 20:25:29 [INFO] [OCR] 2026-08/江门-第8期-附件1：食品抽检信息汇总表.pdf 判定需 OCR（扫描件/文本极少），尝试识别
2026-08-28 20:30:38 [INFO] [OCR] 2026-08/江门-第9期-附件1：食品抽检信息汇总表.pdf 判定需 OCR（扫描件/文本极少），尝试识别
2026-08-28 20:36:15 [ERROR]   [搜索] 2026-08/江门-第9期-附件1：食品抽检信息汇总表.pdf: OCR 超时(>300s)，可能为超大扫描件
2026-08-28 20:36:20 [INFO] [搜索] 扫描 20/21 个文件，命中 1 条，结果写入 result.db
2026-08-28 20:36:20 [INFO] [搜索] 「天地壹号」 命中 1 处
2026-08-28 20:36:20 [INFO] [搜索] 「天晨」 命中 0 处
2026-08-28 20:36:20 [INFO] [搜索] 「巴马世界」 命中 0 处
2026-08-28 20:59:21 [INFO] [OCR] 2026-08/江西-第11期-江西省市场监督管理局2026年第11期食品抽检情况的通告.pdf 判定需 OCR（扫描件/文本极少），尝试识别
2026-08-28 20:59:24 [INFO] [OCR] 2026-08/江门-20260821-附件1：食品抽检信息汇总表.pdf 判定需 OCR（扫描件/文本极少），尝试识别
2026-08-28 21:00:24 [INFO] [OCR] 2026-08/江门-第8期-附件1：食品抽检信息汇总表.pdf 判定需 OCR（扫描件/文本极少），尝试识别
2026-08-28 21:04:40 [INFO] [OCR] 2026-08/江门-第9期-附件1：食品抽检信息汇总表.pdf 判定需 OCR（扫描件/文本极少），尝试识别
2026-08-28 21:10:39 [INFO] [OCR] 2026-08/江门-第8期-附件1：食品抽检信息汇总表.pdf 判定需 OCR（扫描件/文本极少），尝试识别
2026-08-28 21:14:56 [INFO] [搜索] 扫描 18/18 个文件，命中 3 条，结果写入 result.db
2026-08-28 21:14:56 [INFO] [搜索] 「天地壹号」 命中 3 处
2026-08-28 21:14:56 [INFO] [搜索] 「天晨」 命中 0 处
2026-08-28 21:14:56 [INFO] [搜索] 「巴马世界」 命中 0 处
2026-08-29 07:20:06 [ERROR] [湖北] 列表页请求失败: HTTP 412
2026-08-29 07:20:06 [DONE] [完成] 湖北: 共下载 0 个文件
2026-08-29 07:20:06 [DONE] [完成] 福建: 共下载 0 个文件
2026-08-29 07:20:07 [INFO]   [下载] 2026-08/江西-第11期-江西省市场监督管理局2026年第11期食品抽检情况的通告.pdf
2026-08-29 07:20:07 [DONE] [完成] 江西: 共下载 1 个文件
2026-08-29 07:20:07 [INFO]   [下载] 2026-08/河池-第04期-附件1：检验项目.doc
2026-08-29 07:20:07 [INFO]   [下载] 2026-08/湖南-第17期-食品安全抽样检验项目合格食品信息表.pdf
2026-08-29 07:20:07 [INFO]   [湖南] 跳过不合格文件: 食品安全抽样检验不合格食品信息表
2026-08-29 07:20:07 [INFO]   [下载] 2026-08/珠海-20260820-附件 珠海市市场监督管理局2026年食品监督抽检信息汇总表.xls
2026-08-29 07:20:07 [INFO]   [下载] 2026-08/中山-20260821-附件1：本次检验项目.doc
2026-08-29 07:20:07 [INFO]   [下载] 2026-08/中山-20260821-附件2：食品监督抽检合格信息表（20260821）.xlsx
2026-08-29 07:20:07 [INFO]   [中山] 跳过不合格文件: 附件3：食品监督抽检不合格信息表（20260821）.xlsx
2026-08-29 07:20:07 [INFO]   [下载] 2026-08/江门-第9期-附件1：食品抽检信息汇总表.pdf
2026-08-29 07:20:07 [INFO]   [江门] 跳过不合格文件: 附件2：本次检验不合格项目的说明.docx
2026-08-29 07:20:08 [INFO]   [下载] 2026-08/湖南-第16期-食品安全抽样检验项目合格食品信息表.pdf
2026-08-29 07:20:08 [INFO]   [湖南] 跳过不合格文件: 食品安全抽样检验不合格食品信息表
2026-08-29 07:20:08 [DONE] [完成] 湖南: 共下载 2 个文件
2026-08-29 07:20:08 [INFO]   [下载] 2026-08/河池-第04期-附件2：食品餐饮环节监督抽检合格产品信息.xlsx
2026-08-29 07:20:08 [INFO]   [河池] 跳过不合格文件: 附件3：食品餐饮环节监督抽检不合格产品信息（改）.xlsx
2026-08-29 07:20:08 [INFO]   [下载] 2026-08/中山-20260821-附件4：关于部分检验项目的说明.doc
2026-08-29 07:20:08 [INFO]   [下载] 2026-08/深圳-20260828-附件1.抽检结果明细表.xlsx
2026-08-29 07:20:08 [INFO]   [深圳] 跳过不合格文件: 附件2.部分不合格项目小知识.docx
2026-08-29 07:20:08 [INFO]   [下载] 2026-08/河池-第04期-附件4：部分检验项目的说明.wps
2026-08-29 07:20:08 [INFO]   [下载] 2026-08/广东-第38期-附件1-13.doc
2026-08-29 07:20:09 [INFO]   [下载] 2026-08/江门-20260821-附件1：食品抽检信息汇总表.pdf
2026-08-29 07:20:09 [INFO]   [江门] 跳过不合格文件: 附件2：本次检验不合格项目的说明.docx
2026-08-29 07:20:09 [INFO]   [下载] 2026-08/河池-第03期-附件1：检验项目.doc
2026-08-29 07:20:09 [INFO]   [下载] 2026-08/深圳-20260821-附件1.抽检结果明细表.xlsx
2026-08-29 07:20:09 [INFO]   [深圳] 跳过不合格文件: 附件2.部分不合格项目小知识.docx
2026-08-29 07:20:10 [INFO]   [下载] 2026-08/河池-第03期-附件2：食品流通监督抽检合格产品信息.xlsx
2026-08-29 07:20:10 [INFO]   [河池] 跳过不合格文件: 附件3：食品流通监督抽检不合格产品信息.xlsx
2026-08-29 07:20:10 [INFO]   [下载] 2026-08/广东-第37期-附件1-15.doc
2026-08-29 07:20:10 [INFO]   [下载] 2026-08/河池-第03期-附件4：部分检验项目的说明.doc
2026-08-29 07:20:12 [DONE] [完成] 珠海: 共下载 1 个文件
2026-08-29 07:20:12 [DONE] [完成] 佛山: 共下载 0 个文件
2026-08-29 07:20:12 [DONE] [完成] 广州: 共下载 0 个文件
2026-08-29 07:20:12 [INFO]   [下载] 2026-08/广东-第36期-附件1-13.doc
2026-08-29 07:20:13 [DONE] [完成] 中山: 共下载 3 个文件
2026-08-29 07:20:16 [INFO]   [下载] 2026-08/江门-第8期-附件1：食品抽检信息汇总表.pdf
2026-08-29 07:20:16 [INFO]   [江门] 跳过不合格文件: 附件2：本次检验不合格项目的说明.docx
2026-08-29 07:20:17 [DONE] [完成] 深圳: 共下载 2 个文件
2026-08-29 07:20:17 [DONE] [完成] 广西: 共下载 0 个文件
2026-08-29 07:20:20 [DONE] [完成] 广东: 共下载 3 个文件
2026-08-29 07:20:21 [DONE] [完成] 河池: 共下载 6 个文件
2026-08-29 07:20:22 [DONE] [完成] 江门: 共下载 3 个文件
2026-08-29 07:20:22 [DONE] 
全部完成，共下载 21 个文件，保存在 ./2026-08 目录。
2026-08-29 07:20:22 [INFO] [OCR] 2026-08/江西-第11期-江西省市场监督管理局2026年第11期食品抽检情况的通告.pdf 判定需 OCR（扫描件/文本极少），尝试识别
2026-08-29 07:20:24 [INFO] [OCR] 2026-08/江门-20260821-附件1：食品抽检信息汇总表.pdf 判定需 OCR（扫描件/文本极少），尝试识别
2026-08-29 07:20:41 [INFO] [OCR] 2026-08/江门-第8期-附件1：食品抽检信息汇总表.pdf 判定需 OCR（扫描件/文本极少），尝试识别
2026-08-29 07:22:59 [INFO] [OCR] 2026-08/江门-第9期-附件1：食品抽检信息汇总表.pdf 判定需 OCR（扫描件/文本极少），尝试识别
2026-08-29 07:24:43 [INFO] [搜索] 扫描 21/21 个文件，命中 3 条，结果写入 result.db
2026-08-29 07:24:43 [INFO] [搜索] 「天地壹号」 命中 3 处
2026-08-29 07:24:43 [INFO] [搜索] 「天晨」 命中 0 处
2026-08-29 07:24:43 [INFO] [搜索] 「巴马世界」 命中 0 处
2026-08-29 07:28:30 [INFO] [OCR] 2026-08/江西-第11期-江西省市场监督管理局2026年第11期食品抽检情况的通告.pdf 判定需 OCR（扫描件/文本极少），尝试识别
2026-08-29 07:28:33 [INFO] [OCR] 2026-08/江门-20260821-附件1：食品抽检信息汇总表.pdf 判定需 OCR（扫描件/文本极少），尝试识别
2026-08-29 07:28:50 [INFO] [OCR] 2026-08/江门-第8期-附件1：食品抽检信息汇总表.pdf 判定需 OCR（扫描件/文本极少），尝试识别
2026-08-29 07:39:23 [INFO] [OCR] 2026-08/江西-第11期-江西省市场监督管理局2026年第11期食品抽检情况的通告.pdf 判定为扫描件，直接 OCR
2026-08-29 07:39:23 [INFO] [OCR] 2026-08/江门-20260821-附件1：食品抽检信息汇总表.pdf 判定为扫描件，直接 OCR
2026-08-29 07:39:23 [INFO] [OCR] 2026-08/江门-第9期-附件1：食品抽检信息汇总表.pdf 判定为扫描件，直接 OCR
2026-08-29 07:39:24 [INFO] [OCR] 2026-08/江门-第8期-附件1：食品抽检信息汇总表.pdf 判定为扫描件，直接 OCR
2026-08-29 07:42:18 [INFO] [搜索] 扫描 21/21 个文件，命中 3 条，结果写入 result.db
2026-08-29 07:42:18 [INFO] [搜索] 「天地壹号」 命中 3 处
2026-08-29 07:42:18 [INFO] [搜索] 「天晨」 命中 0 处
2026-08-29 07:42:18 [INFO] [搜索] 「巴马世界」 命中 0 处
2026-08-29 07:44:20 [INFO] [OCR] 2026-08/江西-第11期-江西省市场监督管理局2026年第11期食品抽检情况的通告.pdf 判定为扫描件，直接 OCR
2026-08-29 07:44:20 [INFO] [OCR] 2026-08/江门-20260821-附件1：食品抽检信息汇总表.pdf 判定为扫描件，直接 OCR
2026-08-29 07:44:20 [INFO] [OCR] 2026-08/江门-第9期-附件1：食品抽检信息汇总表.pdf 判定为扫描件，直接 OCR
2026-08-29 07:44:20 [INFO] [OCR] 2026-08/江门-第8期-附件1：食品抽检信息汇总表.pdf 判定为扫描件，直接 OCR
2026-08-29 07:49:32 [INFO] [OCR] 2026-08/江西-第11期-江西省市场监督管理局2026年第11期食品抽检情况的通告.pdf 判定为扫描件，直接 OCR
2026-08-29 07:49:32 [INFO] [OCR] 2026-08/江门-20260821-附件1：食品抽检信息汇总表.pdf 判定为扫描件，直接 OCR
2026-08-29 07:49:32 [INFO] [OCR] 2026-08/江门-第9期-附件1：食品抽检信息汇总表.pdf 判定为扫描件，直接 OCR
2026-08-29 07:49:32 [INFO] [OCR] 2026-08/江门-第8期-附件1：食品抽检信息汇总表.pdf 判定为扫描件，直接 OCR
2026-08-29 07:52:55 [INFO] [搜索] 扫描 21/21 个文件，命中 3 条，结果写入 result.db
2026-08-29 07:52:55 [INFO] [搜索] 「天地壹号」 命中 3 处
2026-08-29 07:52:55 [INFO] [搜索] 「天晨」 命中 0 处
2026-08-29 07:52:55 [INFO] [搜索] 「巴马世界」 命中 0 处
2026-08-29 08:05:54 [INFO] [OCR] 2026-08/江西-第11期-江西省市场监督管理局2026年第11期食品抽检情况的通告.pdf 判定为扫描件，直接 OCR
2026-08-29 08:05:54 [INFO] [OCR] 2026-08/江门-20260821-附件1：食品抽检信息汇总表.pdf 判定为扫描件，直接 OCR
2026-08-29 08:05:54 [INFO] [OCR] 2026-08/江门-第9期-附件1：食品抽检信息汇总表.pdf 判定为扫描件，直接 OCR
2026-08-29 08:05:55 [INFO] [OCR] 2026-08/江门-第8期-附件1：食品抽检信息汇总表.pdf 判定为扫描件，直接 OCR
2026-08-29 08:08:03 [INFO] [搜索] 扫描 21/21 个文件，命中 3 条，结果写入 result.db
2026-08-29 08:08:03 [INFO] [搜索] 「天地壹号」 命中 3 处
2026-08-29 08:08:03 [INFO] [搜索] 「天晨」 命中 0 处
2026-08-29 08:08:03 [INFO] [搜索] 「巴马世界」 命中 0 处
2026-08-29 08:16:17 [INFO] [OCR] 2026-08/江西-第11期-江西省市场监督管理局2026年第11期食品抽检情况的通告.pdf 判定为扫描件，直接 OCR
2026-08-29 08:16:17 [INFO] [OCR] 2026-08/江门-20260821-附件1：食品抽检信息汇总表.pdf 判定为扫描件，直接 OCR
2026-08-29 08:16:17 [INFO] [OCR] 2026-08/江门-第9期-附件1：食品抽检信息汇总表.pdf 判定为扫描件，直接 OCR
2026-08-29 08:16:17 [INFO] [OCR] 2026-08/江门-第8期-附件1：食品抽检信息汇总表.pdf 判定为扫描件，直接 OCR
2026-08-29 08:18:37 [INFO] [搜索] 扫描 21/21 个文件，命中 3 条，结果写入 result.db
2026-08-29 08:18:37 [INFO] [搜索] 「天地壹号」 命中 3 处
2026-08-29 08:18:37 [INFO] [搜索] 「天晨」 命中 0 处
2026-08-29 08:18:37 [INFO] [搜索] 「巴马世界」 命中 0 处
2026-08-29 08:20:43 [INFO] [OCR] 2026-08/江西-第11期-江西省市场监督管理局2026年第11期食品抽检情况的通告.pdf 判定为扫描件，直接 OCR
2026-08-29 08:20:43 [INFO] [OCR] 2026-08/江门-20260821-附件1：食品抽检信息汇总表.pdf 判定为扫描件，直接 OCR
2026-08-29 08:20:43 [INFO] [OCR] 2026-08/江门-第9期-附件1：食品抽检信息汇总表.pdf 判定为扫描件，直接 OCR
2026-08-29 08:20:43 [INFO] [OCR] 2026-08/江门-第8期-附件1：食品抽检信息汇总表.pdf 判定为扫描件，直接 OCR
2026-08-29 08:22:50 [INFO] [搜索] 扫描 21/21 个文件，命中 3 条，结果写入 result.db
2026-08-29 08:22:50 [INFO] [搜索] 「天地壹号」 命中 3 处
2026-08-29 08:22:50 [INFO] [搜索] 「天晨」 命中 0 处
2026-08-29 08:22:50 [INFO] [搜索] 「巴马世界」 命中 0 处
2026-08-29 08:34:44 [INFO] [OCR] 2026-08/江西-第11期-江西省市场监督管理局2026年第11期食品抽检情况的通告.pdf 判定为扫描件，直接 OCR
2026-08-29 08:34:44 [INFO] [OCR] 2026-08/江门-20260821-附件1：食品抽检信息汇总表.pdf 判定为扫描件，直接 OCR
2026-08-29 08:34:44 [INFO] [OCR] 2026-08/江门-第9期-附件1：食品抽检信息汇总表.pdf 判定为扫描件，直接 OCR
2026-08-29 08:34:44 [INFO] [OCR] 2026-08/江门-第8期-附件1：食品抽检信息汇总表.pdf 判定为扫描件，直接 OCR
2026-08-29 08:36:48 [INFO] [搜索] 扫描 21/21 个文件，命中 3 条，结果写入 result.db
2026-08-29 08:36:48 [INFO] [搜索] 「天地壹号」 命中 3 处
2026-08-29 08:36:48 [INFO] [搜索] 「天晨」 命中 0 处
2026-08-29 08:36:48 [INFO] [搜索] 「巴马世界」 命中 0 处
2026-08-29 08:37:14 [INFO] [OCR] 2026-08/江西-第11期-江西省市场监督管理局2026年第11期食品抽检情况的通告.pdf 判定为扫描件，直接 OCR
2026-08-29 08:37:14 [WARN] [OCR] Umi-OCR 实例不可用: http://127.0.0.1:1224
2026-08-29 08:37:14 [WARN] [OCR] Umi-OCR 实例不可用: http://127.0.0.1:1225
2026-08-29 08:37:14 [WARN] [OCR] Umi-OCR 实例不可用: http://127.0.0.1:1226
2026-08-29 08:37:14 [ERROR]   [搜索] 2026-08/江西-第11期-江西省市场监督管理局2026年第11期食品抽检情况的通告.pdf: Umi-OCR 不可用，扫描件无法 OCR（未启用 tesseract 回退）
2026-08-29 08:37:14 [INFO] [OCR] 2026-08/江门-20260821-附件1：食品抽检信息汇总表.pdf 判定为扫描件，直接 OCR
2026-08-29 08:37:14 [ERROR]   [搜索] 2026-08/江门-20260821-附件1：食品抽检信息汇总表.pdf: Umi-OCR 不可用，扫描件无法 OCR（未启用 tesseract 回退）
2026-08-29 08:37:14 [INFO] [OCR] 2026-08/江门-第9期-附件1：食品抽检信息汇总表.pdf 判定为扫描件，直接 OCR
2026-08-29 08:37:14 [ERROR]   [搜索] 2026-08/江门-第9期-附件1：食品抽检信息汇总表.pdf: Umi-OCR 不可用，扫描件无法 OCR（未启用 tesseract 回退）
2026-08-29 08:37:14 [INFO] [OCR] 2026-08/江门-第8期-附件1：食品抽检信息汇总表.pdf 判定为扫描件，直接 OCR
2026-08-29 08:37:14 [ERROR]   [搜索] 2026-08/江门-第8期-附件1：食品抽检信息汇总表.pdf: Umi-OCR 不可用，扫描件无法 OCR（未启用 tesseract 回退）
2026-08-29 08:37:14 [INFO] [搜索] 扫描 17/21 个文件，命中 1 条，结果写入 result.db
2026-08-29 08:37:14 [INFO] [搜索] 「天地壹号」 命中 1 处
2026-08-29 08:37:14 [INFO] [搜索] 「天晨」 命中 0 处
2026-08-29 08:37:14 [INFO] [搜索] 「巴马世界」 命中 0 处
2026-08-29 08:37:27 [INFO] [OCR] 2026-08/江西-第11期-江西省市场监督管理局2026年第11期食品抽检情况的通告.pdf 判定为扫描件，直接 OCR
2026-08-29 08:37:27 [INFO] [OCR] 2026-08/江门-20260821-附件1：食品抽检信息汇总表.pdf 判定为扫描件，直接 OCR
2026-08-29 08:37:27 [INFO] [OCR] 2026-08/江门-第9期-附件1：食品抽检信息汇总表.pdf 判定为扫描件，直接 OCR
2026-08-29 08:37:27 [INFO] [OCR] 2026-08/江门-第8期-附件1：食品抽检信息汇总表.pdf 判定为扫描件，直接 OCR
2026-08-29 08:39:29 [INFO] [搜索] 扫描 21/21 个文件，命中 3 条，结果写入 result.db
2026-08-29 08:39:29 [INFO] [搜索] 「天地壹号」 命中 3 处
2026-08-29 08:39:29 [INFO] [搜索] 「天晨」 命中 0 处
2026-08-29 08:39:29 [INFO] [搜索] 「巴马世界」 命中 0 处
2026-08-29 08:49:17 [INFO] [OCR] 2026-08/江西-第11期-江西省市场监督管理局2026年第11期食品抽检情况的通告.pdf 判定为扫描件，直接 OCR
2026-08-29 08:49:17 [INFO] [OCR] 2026-08/江门-20260821-附件1：食品抽检信息汇总表.pdf 判定为扫描件，直接 OCR
2026-08-29 08:49:17 [INFO] [OCR] 2026-08/江门-第9期-附件1：食品抽检信息汇总表.pdf 判定为扫描件，直接 OCR
2026-08-29 08:49:17 [INFO] [OCR] 2026-08/江门-第8期-附件1：食品抽检信息汇总表.pdf 判定为扫描件，直接 OCR
2026-08-29 08:51:22 [INFO] [搜索] 扫描 21/21 个文件，命中 3 条，结果写入 result.db
2026-08-29 08:51:22 [INFO] [搜索] 「天地壹号」 命中 3 处
2026-08-29 08:51:22 [INFO] [搜索] 「天晨」 命中 0 处
2026-08-29 08:51:22 [INFO] [搜索] 「巴马世界」 命中 0 处
2026-08-29 08:51:22 [INFO] [命中] 广东-第36期-附件1-13.doc | 全文 | 「天地壹号」 | …
2026-08-29 08:51:22 [INFO] [命中] 江门-第8期-附件1：食品抽检信息汇总表.pdf | 第8页 | 「天地壹号」 | …区会城茶坑六组冲澳新队址江门市江海区礼乐街道东环三路东侧（原环镇公路乌纱路段何围仔）广东省开平市苍城镇东郊苍江路3号广东省江门市蓬江区棠下金桐一路11号江门市新会区三江镇临步村港口围被抽样单位名称江门市新会区葵陈茶业有限公司江门市江海区宏福肉类制品厂开平市味鲜源调味品有限公司天地壹号饮料股份有限公司江门分厂江门市新会区三江镇潮兴酒被抽检单位地址广东省江门市新会区会城…
2026-08-29 08:51:22 [INFO] [命中] 江门-第8期-附件1：食品抽检信息汇总表.pdf | 第46页 | 「天地壹号」 | 序号255256257258259标称生产企业进货来源名称天地壹号饮料股份有限公司江门分厂台山市禾木食品有限公司广东省开平市马冈镇-品香榨油坊鹤山市康家食品有限公司江门市易谱食品有限公司标称生产企业地址进货来源地址广东省江门市蓬江区棠下金桐路11号台山市四九镇长龙工业区七路十二号之三广东省开平市马冈镇莲堂村后尾龙广东省鹤山市桃源镇龙溪工业区79号五、六层广东省…
2026-08-29 08:52:41 [INFO] [OCR] 2026-08/江西-第11期-江西省市场监督管理局2026年第11期食品抽检情况的通告.pdf 判定为扫描件，直接 OCR
2026-08-29 08:52:41 [INFO] [OCR] 2026-08/江门-20260821-附件1：食品抽检信息汇总表.pdf 判定为扫描件，直接 OCR
2026-08-29 08:52:41 [INFO] [OCR] 2026-08/江门-第9期-附件1：食品抽检信息汇总表.pdf 判定为扫描件，直接 OCR
2026-08-29 08:52:41 [INFO] [OCR] 2026-08/江门-第8期-附件1：食品抽检信息汇总表.pdf 判定为扫描件，直接 OCR
2026-08-29 08:54:48 [INFO] [搜索] 扫描 21/21 个文件，命中 3 条，结果写入 result.db
2026-08-29 08:54:48 [INFO] [搜索] 「天地壹号」 命中 3 处
2026-08-29 08:54:48 [INFO] [搜索] 「天晨」 命中 0 处
2026-08-29 08:54:48 [INFO] [搜索] 「巴马世界」 命中 0 处
2026-08-29 08:54:48 [INFO] [命中] 广东-第36期-附件1-13.doc | 全文 | 「天地壹号」 | …肠菌群数超标，可能是灭菌工艺灭菌不彻底导致；食品中大肠菌群超标，可能是因为包装不严、生产过程中染菌、经营环节储存不当等。天地壹号饮料股份有限公司江门分厂太宝牡腰酒太粮低GI大米太粮米业（东莞厚街）有限公司头曲酒（调香白酒）夼奼奾妢妤妨妪姄姆姐奶茶伴侣（固体饮料）如意多多白桦树汁妤妪姆姒姨姪姮娌始兴县沈所镇沈南村原沈南小学始兴县金谷香大米加工厂姐姒姦姪姬姮娊娌娦娨娌娨…
2026-08-29 08:54:48 [INFO] [命中] 江门-第8期-附件1：食品抽检信息汇总表.pdf | 第8页 | 「天地壹号」 | …39404142标称生产企业进货来源名称江门市新会区葵陈茶业有限公司江门市江海区宏福肉类制品厂开平市味鲜源调味品有限公司天地壹号饮料股份有限公司江门分厂江门市新会区三江镇潮兴酒厂标称生产企业地址进货来源地址江门市新会区会城茶坑六组冲澳新队址江门市江海区礼乐街道东环三路东侧（原环镇公路乌纱路段何围仔）广东省开平市苍城镇东郊苍江路3号广东省江门市蓬江区棠下金桐一路11号…
2026-08-29 08:54:48 [INFO] [命中] 江门-第8期-附件1：食品抽检信息汇总表.pdf | 第46页 | 「天地壹号」 | 序号255256257258259标称生产企业进货来源名称天地壹号饮料股份有限公司江门分厂台山市禾木食品有限公司广东省开平市马冈镇-品香榨油坊鹤山市康家食品有限公司江门市易谱食品有限公司标称生产企业地址进货来源地址广东省江门市蓬江区棠下金桐路11号台山市四九镇长龙工业区七路十二号之三广东省开平市马冈镇莲堂…
2026-08-29 09:10:49 [INFO] [OCR] 2026-08/江西-第11期-江西省市场监督管理局2026年第11期食品抽检情况的通告.pdf 判定为扫描件，直接 OCR
2026-08-29 09:10:49 [INFO] [OCR] 2026-08/江门-20260821-附件1：食品抽检信息汇总表.pdf 判定为扫描件，直接 OCR
2026-08-29 09:10:49 [INFO] [OCR] 2026-08/江门-第9期-附件1：食品抽检信息汇总表.pdf 判定为扫描件，直接 OCR
2026-08-29 09:10:50 [INFO] [OCR] 2026-08/江门-第8期-附件1：食品抽检信息汇总表.pdf 判定为扫描件，直接 OCR
2026-08-29 09:12:54 [INFO] [搜索] 扫描 21/21 个文件，命中 3 条，结果写入 result.db
2026-08-29 09:12:54 [INFO] [搜索] 「天地壹号」 命中 3 处
2026-08-29 09:12:54 [INFO] [搜索] 「天晨」 命中 0 处
2026-08-29 09:12:54 [INFO] [搜索] 「巴马世界」 命中 0 处
2026-08-29 09:12:54 [INFO] [命中] 广东-第36期-附件1-13.doc | 全文 | 「天地壹号」 | …肠菌群数超标，可能是灭菌工艺灭菌不彻底导致；食品中大肠菌群超标，可能是因为包装不严、生产过程中染菌、经营环节储存不当等。天地壹号饮料股份有限公司江门分厂太宝牡腰酒太粮低GI大米太粮米业（东莞厚街）有限公司头曲酒（调香白酒）夼奼奾妢妤妨妪姄姆姐奶茶伴侣（固体饮料）如意多多白桦树汁妤妪姆姒姨姪姮娌始兴县沈所镇沈南村原沈南小学始兴县金谷香大米加工厂姐姒姦姪姬姮娊娌娦娨娌娨…
2026-08-29 09:12:54 [INFO] [命中] 江门-第8期-附件1：食品抽检信息汇总表.pdf | 第8页 | 「天地壹号」 | …39404142标称生产企业进货来源名称江门市新会区葵陈茶业有限公司江门市江海区宏福肉类制品厂开平市味鲜源调味品有限公司天地壹号饮料股份有限公司江门分厂江门市新会区三江镇潮兴酒厂标称生产企业地址进货来源地址江门市新会区会城茶坑六组冲澳新队址江门市江海区礼乐街道东环三路东侧（原环镇公路乌纱路段何围仔）广东省开平市苍城镇东郊苍江路3号广东省江门市蓬江区棠下金桐一路11号…
2026-08-29 09:12:54 [INFO] [命中] 江门-第8期-附件1：食品抽检信息汇总表.pdf | 第46页 | 「天地壹号」 | 序号255256257258259标称生产企业进货来源名称天地壹号饮料股份有限公司江门分厂台山市禾木食品有限公司广东省开平市马冈镇-品香榨油坊鹤山市康家食品有限公司江门市易谱食品有限公司标称生产企业地址进货来源地址广东省江门市蓬江区棠下金桐路11号台山市四九镇长龙工业区七路十二号之三广东省开平市马冈镇莲堂…
2026-08-29 09:14:00 [ERROR] [湖北] 列表页请求失败: HTTP 412
2026-08-29 09:14:00 [DONE] [完成] 湖北: 共下载 0 个文件
2026-08-29 09:14:00 [DONE] [完成] 福建: 共下载 0 个文件
2026-08-29 09:14:00 [INFO]   [下载] 2026-08/河池-第04期-附件1：检验项目-2.doc
2026-08-29 09:14:00 [INFO]   [下载] 2026-08/珠海-20260820-附件 珠海市市场监督管理局2026年食品监督抽检信息汇总表-2.xls
2026-08-29 09:14:00 [INFO]   [下载] 2026-08/湖南-第17期-食品安全抽样检验项目合格食品信息表-2.pdf
2026-08-29 09:14:00 [INFO]   [湖南] 跳过不合格文件: 食品安全抽样检验不合格食品信息表
2026-08-29 09:14:01 [INFO]   [下载] 2026-08/中山-20260821-附件1：本次检验项目-2.doc
2026-08-29 09:14:01 [INFO]   [下载] 2026-08/江西-第11期-江西省市场监督管理局2026年第11期食品抽检情况的通告-2.pdf
2026-08-29 09:14:01 [DONE] [完成] 江西: 共下载 1 个文件
2026-08-29 09:14:01 [INFO]   [下载] 2026-08/中山-20260821-附件2：食品监督抽检合格信息表（20260821）-2.xlsx
2026-08-29 09:14:01 [INFO]   [中山] 跳过不合格文件: 附件3：食品监督抽检不合格信息表（20260821）.xlsx
2026-08-29 09:14:01 [INFO]   [下载] 2026-08/深圳-20260828-附件1.抽检结果明细表-2.xlsx
2026-08-29 09:14:01 [INFO]   [深圳] 跳过不合格文件: 附件2.部分不合格项目小知识.docx
2026-08-29 09:14:01 [INFO]   [下载] 2026-08/河池-第04期-附件2：食品餐饮环节监督抽检合格产品信息-2.xlsx
2026-08-29 09:14:01 [INFO]   [河池] 跳过不合格文件: 附件3：食品餐饮环节监督抽检不合格产品信息（改）.xlsx
2026-08-29 09:14:01 [INFO]   [下载] 2026-08/江门-第9期-附件1：食品抽检信息汇总表-2.pdf
2026-08-29 09:14:01 [INFO]   [江门] 跳过不合格文件: 附件2：本次检验不合格项目的说明.docx
2026-08-29 09:14:02 [INFO]   [下载] 2026-08/湖南-第16期-食品安全抽样检验项目合格食品信息表-2.pdf
2026-08-29 09:14:02 [INFO]   [湖南] 跳过不合格文件: 食品安全抽样检验不合格食品信息表
2026-08-29 09:14:02 [DONE] [完成] 湖南: 共下载 2 个文件
2026-08-29 09:14:02 [INFO]   [下载] 2026-08/中山-20260821-附件4：关于部分检验项目的说明-2.doc
2026-08-29 09:14:02 [INFO]   [下载] 2026-08/河池-第04期-附件4：部分检验项目的说明-2.wps
2026-08-29 09:14:02 [INFO]   [下载] 2026-08/深圳-20260821-附件1.抽检结果明细表-2.xlsx
2026-08-29 09:14:02 [INFO]   [深圳] 跳过不合格文件: 附件2.部分不合格项目小知识.docx
2026-08-29 09:14:02 [INFO]   [下载] 2026-08/河池-第03期-附件1：检验项目-2.doc
2026-08-29 09:14:04 [INFO]   [下载] 2026-08/江门-20260821-附件1：食品抽检信息汇总表-2.pdf
2026-08-29 09:14:04 [INFO]   [江门] 跳过不合格文件: 附件2：本次检验不合格项目的说明.docx
2026-08-29 09:14:04 [INFO]   [下载] 2026-08/河池-第03期-附件2：食品流通监督抽检合格产品信息-2.xlsx
2026-08-29 09:14:04 [INFO]   [河池] 跳过不合格文件: 附件3：食品流通监督抽检不合格产品信息.xlsx
2026-08-29 09:14:05 [INFO]   [下载] 2026-08/广东-第38期-附件1-13-2.doc
2026-08-29 09:14:05 [INFO]   [下载] 2026-08/河池-第03期-附件4：部分检验项目的说明-2.doc
2026-08-29 09:14:05 [DONE] [完成] 珠海: 共下载 1 个文件
2026-08-29 09:14:06 [DONE] [完成] 广州: 共下载 0 个文件
2026-08-29 09:14:07 [DONE] [完成] 佛山: 共下载 0 个文件
2026-08-29 09:14:07 [DONE] [完成] 中山: 共下载 3 个文件
2026-08-29 09:14:08 [INFO]   [下载] 2026-08/广东-第37期-附件1-15-2.doc
2026-08-29 09:14:11 [DONE] [完成] 深圳: 共下载 2 个文件
2026-08-29 09:14:12 [INFO]   [下载] 2026-08/广东-第36期-附件1-13-2.doc
2026-08-29 09:14:14 [DONE] [完成] 广西: 共下载 0 个文件
2026-08-29 09:14:17 [DONE] [完成] 河池: 共下载 6 个文件
2026-08-29 09:14:22 [DONE] [完成] 广东: 共下载 3 个文件
2026-08-29 09:14:23 [INFO]   [下载] 2026-08/江门-第8期-附件1：食品抽检信息汇总表-2.pdf
2026-08-29 09:14:23 [INFO]   [江门] 跳过不合格文件: 附件2：本次检验不合格项目的说明.docx
2026-08-29 09:14:29 [DONE] [完成] 江门: 共下载 3 个文件
2026-08-29 09:14:29 [DONE] 
全部完成，共下载 21 个文件，保存在 ./2026-08 目录。
2026-08-29 09:14:29 [INFO] [OCR] 2026-08/江西-第11期-江西省市场监督管理局2026年第11期食品抽检情况的通告-2.pdf 判定为扫描件，直接 OCR
2026-08-29 09:14:29 [INFO] [OCR] 2026-08/江西-第11期-江西省市场监督管理局2026年第11期食品抽检情况的通告.pdf 判定为扫描件，直接 OCR
2026-08-29 09:14:29 [INFO] [OCR] 2026-08/江门-20260821-附件1：食品抽检信息汇总表-2.pdf 判定为扫描件，直接 OCR
2026-08-29 09:14:29 [INFO] [OCR] 2026-08/江门-20260821-附件1：食品抽检信息汇总表.pdf 判定为扫描件，直接 OCR
2026-08-29 09:14:29 [INFO] [OCR] 2026-08/江门-第9期-附件1：食品抽检信息汇总表-2.pdf 判定为扫描件，直接 OCR
2026-08-29 09:14:29 [INFO] [OCR] 2026-08/江门-第9期-附件1：食品抽检信息汇总表.pdf 判定为扫描件，直接 OCR
2026-08-29 09:14:29 [INFO] [OCR] 2026-08/江门-第8期-附件1：食品抽检信息汇总表-2.pdf 判定为扫描件，直接 OCR
2026-08-29 09:14:29 [INFO] [OCR] 2026-08/江门-第8期-附件1：食品抽检信息汇总表.pdf 判定为扫描件，直接 OCR
2026-08-29 09:18:37 [INFO] [搜索] 扫描 42/42 个文件，命中 6 条，结果写入 result.db
2026-08-29 09:18:37 [INFO] [搜索] 「天地壹号」 命中 6 处
2026-08-29 09:18:37 [INFO] [搜索] 「天晨」 命中 0 处
2026-08-29 09:18:37 [INFO] [搜索] 「巴马世界」 命中 0 处
2026-08-29 09:18:37 [INFO] [命中] 广东-第36期-附件1-13-2.doc | 全文 | 「天地壹号」 | …肠菌群数超标，可能是灭菌工艺灭菌不彻底导致；食品中大肠菌群超标，可能是因为包装不严、生产过程中染菌、经营环节储存不当等。天地壹号饮料股份有限公司江门分厂太宝牡腰酒太粮低GI大米太粮米业（东莞厚街）有限公司头曲酒（调香白酒）夼奼奾妢妤妨妪姄姆姐奶茶伴侣（固体饮料）如意多多白桦树汁妤妪姆姒姨姪姮娌始兴县沈所镇沈南村原沈南小学始兴县金谷香大米加工厂姐姒姦姪姬姮娊娌娦娨娌娨…
2026-08-29 09:18:37 [INFO] [命中] 广东-第36期-附件1-13.doc | 全文 | 「天地壹号」 | …肠菌群数超标，可能是灭菌工艺灭菌不彻底导致；食品中大肠菌群超标，可能是因为包装不严、生产过程中染菌、经营环节储存不当等。天地壹号饮料股份有限公司江门分厂太宝牡腰酒太粮低GI大米太粮米业（东莞厚街）有限公司头曲酒（调香白酒）夼奼奾妢妤妨妪姄姆姐奶茶伴侣（固体饮料）如意多多白桦树汁妤妪姆姒姨姪姮娌始兴县沈所镇沈南村原沈南小学始兴县金谷香大米加工厂姐姒姦姪姬姮娊娌娦娨娌娨…
2026-08-29 09:18:37 [INFO] [命中] 江门-第8期-附件1：食品抽检信息汇总表.pdf | 第8页 | 「天地壹号」 | …39404142标称生产企业进货来源名称江门市新会区葵陈茶业有限公司江门市江海区宏福肉类制品厂开平市味鲜源调味品有限公司天地壹号饮料股份有限公司江门分厂江门市新会区三江镇潮兴酒厂标称生产企业地址进货来源地址江门市新会区会城茶坑六组冲澳新队址江门市江海区礼乐街道东环三路东侧（原环镇公路乌纱路段何围仔）广东省开平市苍城镇东郊苍江路3号广东省江门市蓬江区棠下金桐一路11号…
2026-08-29 09:18:37 [INFO] [命中] 江门-第8期-附件1：食品抽检信息汇总表.pdf | 第46页 | 「天地壹号」 | 序号255256257258259标称生产企业进货来源名称天地壹号饮料股份有限公司江门分厂台山市禾木食品有限公司广东省开平市马冈镇-品香榨油坊鹤山市康家食品有限公司江门市易谱食品有限公司标称生产企业地址进货来源地址广东省江门市蓬江区棠下金桐路11号台山市四九镇长龙工业区七路十二号之三广东省开平市马冈镇莲堂…
2026-08-29 09:18:37 [INFO] [命中] 江门-第8期-附件1：食品抽检信息汇总表-2.pdf | 第8页 | 「天地壹号」 | …39404142标称生产企业进货来源名称江门市新会区葵陈茶业有限公司江门市江海区宏福肉类制品厂开平市味鲜源调味品有限公司天地壹号饮料股份有限公司江门分厂江门市新会区三江镇潮兴酒厂标称生产企业地址进货来源地址江门市新会区会城茶坑六组冲澳新队址江门市江海区礼乐街道东环三路东侧（原环镇公路乌纱路段何围仔）广东省开平市苍城镇东郊苍江路3号广东省江门市蓬江区棠下金桐一路11号…
2026-08-29 09:18:37 [INFO] [命中] 江门-第8期-附件1：食品抽检信息汇总表-2.pdf | 第46页 | 「天地壹号」 | 序号255256257258259标称生产企业进货来源名称天地壹号饮料股份有限公司江门分厂台山市禾木食品有限公司广东省开平市马冈镇-品香榨油坊鹤山市康家食品有限公司江门市易谱食品有限公司标称生产企业地址进货来源地址广东省江门市蓬江区棠下金桐路11号台山市四九镇长龙工业区七路十二号之三广东省开平市马冈镇莲堂…
2026-08-29 09:49:17 [ERROR] [湖北] 列表页请求失败: HTTP 412
2026-08-29 09:49:17 [DONE] [完成] 湖北: 共下载 0 个文件
2026-08-29 09:49:17 [DONE] [完成] 福建: 共下载 0 个文件
2026-08-29 09:49:18 [INFO]   [下载] 2026-08/湖南-第17期-食品安全抽样检验项目合格食品信息表.pdf
2026-08-29 09:49:18 [INFO]   [湖南] 跳过不合格文件: 食品安全抽样检验不合格食品信息表
2026-08-29 09:49:18 [INFO]   [下载] 2026-08/河池-第04期-附件1：检验项目.doc
2026-08-29 09:49:18 [INFO]   [下载] 2026-08/江西-第11期-江西省市场监督管理局2026年第11期食品抽检情况的通告.pdf
2026-08-29 09:49:18 [DONE] [完成] 江西: 共下载 1 个文件
2026-08-29 09:49:18 [INFO]   [下载] 2026-08/深圳-20260828-附件1.抽检结果明细表.xlsx
2026-08-29 09:49:18 [INFO]   [深圳] 跳过不合格文件: 附件2.部分不合格项目小知识.docx
2026-08-29 09:49:18 [INFO]   [下载] 2026-08/珠海-20260820-附件 珠海市市场监督管理局2026年食品监督抽检信息汇总表.xls
2026-08-29 09:49:18 [INFO]   [下载] 2026-08/中山-20260821-附件1：本次检验项目.doc
2026-08-29 09:49:19 [INFO]   [下载] 2026-08/湖南-第16期-食品安全抽样检验项目合格食品信息表.pdf
2026-08-29 09:49:19 [INFO]   [湖南] 跳过不合格文件: 食品安全抽样检验不合格食品信息表
2026-08-29 09:49:19 [DONE] [完成] 湖南: 共下载 2 个文件
2026-08-29 09:49:19 [INFO]   [下载] 2026-08/河池-第04期-附件2：食品餐饮环节监督抽检合格产品信息.xlsx
2026-08-29 09:49:19 [INFO]   [河池] 跳过不合格文件: 附件3：食品餐饮环节监督抽检不合格产品信息（改）.xlsx
2026-08-29 09:49:19 [INFO]   [下载] 2026-08/中山-20260821-附件2：食品监督抽检合格信息表（20260821）.xlsx
2026-08-29 09:49:19 [INFO]   [中山] 跳过不合格文件: 附件3：食品监督抽检不合格信息表（20260821）.xlsx
2026-08-29 09:49:19 [INFO]   [下载] 2026-08/江门-第9期-附件1：食品抽检信息汇总表.pdf
2026-08-29 09:49:19 [INFO]   [江门] 跳过不合格文件: 附件2：本次检验不合格项目的说明.docx
2026-08-29 09:49:19 [INFO]   [下载] 2026-08/广东-第38期-附件1-13.doc
2026-08-29 09:49:19 [INFO]   [下载] 2026-08/中山-20260821-附件4：关于部分检验项目的说明.doc
2026-08-29 09:49:19 [INFO]   [下载] 2026-08/深圳-20260821-附件1.抽检结果明细表.xlsx
2026-08-29 09:49:19 [INFO]   [深圳] 跳过不合格文件: 附件2.部分不合格项目小知识.docx
2026-08-29 09:49:19 [INFO]   [下载] 2026-08/河池-第04期-附件4：部分检验项目的说明.wps
2026-08-29 09:49:20 [INFO]   [下载] 2026-08/河池-第03期-附件1：检验项目.doc
2026-08-29 09:49:20 [INFO]   [下载] 2026-08/江门-20260821-附件1：食品抽检信息汇总表.pdf
2026-08-29 09:49:20 [INFO]   [江门] 跳过不合格文件: 附件2：本次检验不合格项目的说明.docx
2026-08-29 09:49:20 [INFO]   [下载] 2026-08/广东-第37期-附件1-15.doc
2026-08-29 09:49:21 [INFO]   [下载] 2026-08/河池-第03期-附件2：食品流通监督抽检合格产品信息.xlsx
2026-08-29 09:49:21 [INFO]   [河池] 跳过不合格文件: 附件3：食品流通监督抽检不合格产品信息.xlsx
2026-08-29 09:49:21 [INFO]   [下载] 2026-08/河池-第03期-附件4：部分检验项目的说明.doc
2026-08-29 09:49:22 [INFO]   [下载] 2026-08/广东-第36期-附件1-13.doc
2026-08-29 09:49:23 [DONE] [完成] 珠海: 共下载 1 个文件
2026-08-29 09:49:24 [DONE] [完成] 广州: 共下载 0 个文件
2026-08-29 09:49:24 [DONE] [完成] 佛山: 共下载 0 个文件
2026-08-29 09:49:24 [DONE] [完成] 中山: 共下载 3 个文件
2026-08-29 09:49:26 [DONE] [完成] 深圳: 共下载 2 个文件
2026-08-29 09:49:27 [INFO]   [下载] 2026-08/江门-第8期-附件1：食品抽检信息汇总表.pdf
2026-08-29 09:49:27 [INFO]   [江门] 跳过不合格文件: 附件2：本次检验不合格项目的说明.docx
2026-08-29 09:49:27 [DONE] [完成] 广西: 共下载 0 个文件
2026-08-29 09:49:30 [DONE] [完成] 广东: 共下载 3 个文件
2026-08-29 09:49:32 [DONE] [完成] 河池: 共下载 6 个文件
2026-08-29 09:49:34 [DONE] [完成] 江门: 共下载 3 个文件
2026-08-29 09:49:34 [DONE] 
全部完成，共下载 21 个文件，保存在 ./2026-08 目录。
2026-08-29 09:49:34 [INFO] [OCR] 2026-08/江门-20260821-附件1：食品抽检信息汇总表.pdf 判定为扫描件，直接 OCR
2026-08-29 09:49:34 [INFO] [OCR] 2026-08/江西-第11期-江西省市场监督管理局2026年第11期食品抽检情况的通告.pdf 判定为扫描件，直接 OCR
2026-08-29 09:49:34 [INFO] [OCR] 2026-08/江门-第9期-附件1：食品抽检信息汇总表.pdf 判定为扫描件，直接 OCR
2026-08-29 09:49:34 [INFO] [OCR] 2026-08/江门-第8期-附件1：食品抽检信息汇总表.pdf 判定为扫描件，直接 OCR
2026-08-29 09:51:46 [INFO] [搜索] 扫描 21/21 个文件，命中 3 条，结果写入 result.db
2026-08-29 09:51:46 [INFO] [搜索] 「天地壹号」 命中 3 处
2026-08-29 09:51:46 [INFO] [搜索] 「天晨」 命中 0 处
2026-08-29 09:51:46 [INFO] [搜索] 「巴马世界」 命中 0 处
2026-08-29 09:51:46 [INFO] [命中] 广东-第36期-附件1-13.doc | 全文 | 「天地壹号」 | …肠菌群数超标，可能是灭菌工艺灭菌不彻底导致；食品中大肠菌群超标，可能是因为包装不严、生产过程中染菌、经营环节储存不当等。天地壹号饮料股份有限公司江门分厂太宝牡腰酒太粮低GI大米太粮米业（东莞厚街）有限公司头曲酒（调香白酒）夼奼奾妢妤妨妪姄姆姐奶茶伴侣（固体饮料）如意多多白桦树汁妤妪姆姒姨姪姮娌始兴县沈所镇沈南村原沈南小学始兴县金谷香大米加工厂姐姒姦姪姬姮娊娌娦娨娌娨…
2026-08-29 09:51:46 [INFO] [命中] 江门-第8期-附件1：食品抽检信息汇总表.pdf | 第8页 | 「天地壹号」 | …39404142标称生产企业进货来源名称江门市新会区葵陈茶业有限公司江门市江海区宏福肉类制品厂开平市味鲜源调味品有限公司天地壹号饮料股份有限公司江门分厂江门市新会区三江镇潮兴酒厂标称生产企业地址进货来源地址江门市新会区会城茶坑六组冲澳新队址江门市江海区礼乐街道东环三路东侧（原环镇公路乌纱路段何围仔）广东省开平市苍城镇东郊苍江路3号广东省江门市蓬江区棠下金桐一路11号…
2026-08-29 09:51:46 [INFO] [命中] 江门-第8期-附件1：食品抽检信息汇总表.pdf | 第46页 | 「天地壹号」 | 序号255256257258259标称生产企业进货来源名称天地壹号饮料股份有限公司江门分厂台山市禾木食品有限公司广东省开平市马冈镇-品香榨油坊鹤山市康家食品有限公司江门市易谱食品有限公司标称生产企业地址进货来源地址广东省江门市蓬江区棠下金桐路11号台山市四九镇长龙工业区七路十二号之三广东省开平市马冈镇莲堂…
2026-08-29 11:32:27 [INFO] [OCR] 2026-08/江西-第11期-江西省市场监督管理局2026年第11期食品抽检情况的通告.pdf 判定为扫描件，直接 OCR
2026-08-29 11:32:27 [INFO] [OCR] 调用 mineru-open-api 识别 2026-08/江西-第11期-江西省市场监督管理局2026年第11期食品抽检情况的通告.pdf
2026-08-29 11:32:27 [INFO] [OCR] 2026-08/江门-20260821-附件1：食品抽检信息汇总表.pdf 判定为扫描件，直接 OCR
2026-08-29 11:32:27 [INFO] [OCR] 调用 mineru-open-api 识别 2026-08/江门-20260821-附件1：食品抽检信息汇总表.pdf
2026-08-29 11:32:27 [INFO] [OCR] 2026-08/江门-第9期-附件1：食品抽检信息汇总表.pdf 判定为扫描件，直接 OCR
2026-08-29 11:32:27 [INFO] [OCR] 调用 mineru-open-api 识别 2026-08/江门-第9期-附件1：食品抽检信息汇总表.pdf
2026-08-29 11:32:28 [INFO] [OCR] 2026-08/江门-第8期-附件1：食品抽检信息汇总表.pdf 判定为扫描件，直接 OCR
2026-08-29 11:32:28 [INFO] [OCR] 调用 mineru-open-api 识别 2026-08/江门-第8期-附件1：食品抽检信息汇总表.pdf
2026-08-29 11:34:27 [INFO] [搜索] 扫描 21/21 个文件，命中 2 条，结果写入 result.db
2026-08-29 11:34:27 [INFO] [搜索] 「天地壹号」 命中 2 处
2026-08-29 11:34:27 [INFO] [搜索] 「天晨」 命中 0 处
2026-08-29 11:34:27 [INFO] [搜索] 「巴马世界」 命中 0 处
2026-08-29 11:34:27 [INFO] [命中] 广东-第36期-附件1-13.doc | 全文 | 「天地壹号」 | …肠菌群数超标，可能是灭菌工艺灭菌不彻底导致；食品中大肠菌群超标，可能是因为包装不严、生产过程中染菌、经营环节储存不当等。天地壹号饮料股份有限公司江门分厂太宝牡腰酒太粮低GI大米太粮米业（东莞厚街）有限公司头曲酒（调香白酒）夼奼奾妢妤妨妪姄姆姐奶茶伴侣（固体饮料）如意多多白桦树汁妤妪姆姒姨姪姮娌始兴县沈所镇沈南村原沈南小学始兴县金谷香大米加工厂姐姒姦姪姬姮娊娌娦娨娌娨…
2026-08-29 11:34:27 [INFO] [命中] 江门-第8期-附件1：食品抽检信息汇总表.pdf | 全文 | 「天地壹号」 | …品有限公司广东省江门市开平市苍城镇东郊苍江路3号超浓缩鸡汁风味调味汁550克/瓶常润和图形2026-05-06合格/41天地壹号饮料股份有限公司江门分厂广东省江门市蓬江区棠下金桐一路11号天地壹号饮料股份有限公司江门分厂广东省江门市蓬江区棠下金桐一路11号陈醋饮料650mL/瓶天地壹号2026-05-24合格/42江门市新会区三江镇潮兴酒厂江门市新会区三江镇临步村港…
2026-08-30 07:35:52 [ERROR] [湖北] 列表页请求失败: HTTP 412
2026-08-30 07:35:52 [DONE] [完成] 湖北: 共下载 0 个文件
2026-08-30 07:35:52 [DONE] [完成] 福建: 共下载 0 个文件
2026-08-30 07:35:52 [INFO]   [下载] 2026-08/江西-第11期-江西省市场监督管理局2026年第11期食品抽检情况的通告.pdf
2026-08-30 07:35:52 [DONE] [完成] 江西: 共下载 1 个文件
2026-08-30 07:35:53 [INFO]   [下载] 2026-08/河池-第04期-附件1：检验项目.doc
2026-08-30 07:35:53 [INFO]   [下载] 2026-08/珠海-20260820-附件 珠海市市场监督管理局2026年食品监督抽检信息汇总表.xls
2026-08-30 07:35:53 [INFO]   [下载] 2026-08/湖南-第17期-食品安全抽样检验项目合格食品信息表.pdf
2026-08-30 07:35:53 [INFO]   [湖南] 跳过不合格文件: 食品安全抽样检验不合格食品信息表
2026-08-30 07:35:53 [INFO]   [下载] 2026-08/中山-20260821-附件1：本次检验项目.doc
2026-08-30 07:35:53 [INFO]   [下载] 2026-08/深圳-20260828-附件1.抽检结果明细表.xlsx
2026-08-30 07:35:53 [INFO]   [深圳] 跳过不合格文件: 附件2.部分不合格项目小知识.docx
2026-08-30 07:35:53 [INFO]   [下载] 2026-08/江门-第9期-附件1：食品抽检信息汇总表.pdf
2026-08-30 07:35:53 [INFO]   [江门] 跳过不合格文件: 附件2：本次检验不合格项目的说明.docx
2026-08-30 07:35:53 [INFO]   [下载] 2026-08/中山-20260821-附件2：食品监督抽检合格信息表（20260821）.xlsx
2026-08-30 07:35:53 [INFO]   [中山] 跳过不合格文件: 附件3：食品监督抽检不合格信息表（20260821）.xlsx
2026-08-30 07:35:53 [INFO]   [下载] 2026-08/河池-第04期-附件2：食品餐饮环节监督抽检合格产品信息.xlsx
2026-08-30 07:35:53 [INFO]   [河池] 跳过不合格文件: 附件3：食品餐饮环节监督抽检不合格产品信息（改）.xlsx
2026-08-30 07:35:53 [INFO]   [下载] 2026-08/中山-20260821-附件4：关于部分检验项目的说明.doc
2026-08-30 07:35:53 [INFO]   [下载] 2026-08/湖南-第16期-食品安全抽样检验项目合格食品信息表.pdf
2026-08-30 07:35:53 [INFO]   [湖南] 跳过不合格文件: 食品安全抽样检验不合格食品信息表
2026-08-30 07:35:53 [DONE] [完成] 湖南: 共下载 2 个文件
2026-08-30 07:35:53 [INFO]   [下载] 2026-08/河池-第04期-附件4：部分检验项目的说明.wps
2026-08-30 07:35:54 [INFO]   [下载] 2026-08/深圳-20260821-附件1.抽检结果明细表.xlsx
2026-08-30 07:35:54 [INFO]   [深圳] 跳过不合格文件: 附件2.部分不合格项目小知识.docx
2026-08-30 07:35:54 [INFO]   [下载] 2026-08/江门-20260821-附件1：食品抽检信息汇总表.pdf
2026-08-30 07:35:54 [INFO]   [江门] 跳过不合格文件: 附件2：本次检验不合格项目的说明.docx
2026-08-30 07:35:54 [INFO]   [下载] 2026-08/广东-第38期-附件1-13.doc
2026-08-30 07:35:54 [INFO]   [下载] 2026-08/河池-第03期-附件1：检验项目.doc
2026-08-30 07:35:56 [INFO]   [下载] 2026-08/河池-第03期-附件2：食品流通监督抽检合格产品信息.xlsx
2026-08-30 07:35:56 [INFO]   [河池] 跳过不合格文件: 附件3：食品流通监督抽检不合格产品信息.xlsx
2026-08-30 07:35:56 [INFO]   [下载] 2026-08/广东-第37期-附件1-15.doc
2026-08-30 07:35:56 [INFO]   [下载] 2026-08/河池-第03期-附件4：部分检验项目的说明.doc
2026-08-30 07:35:57 [DONE] [完成] 珠海: 共下载 1 个文件
2026-08-30 07:35:57 [INFO]   [下载] 2026-08/广东-第36期-附件1-13.doc
2026-08-30 07:35:58 [DONE] [完成] 中山: 共下载 3 个文件
2026-08-30 07:35:58 [DONE] [完成] 佛山: 共下载 0 个文件
2026-08-30 07:35:58 [DONE] [完成] 广州: 共下载 0 个文件
2026-08-30 07:36:00 [DONE] [完成] 深圳: 共下载 2 个文件
2026-08-30 07:36:01 [INFO]   [下载] 2026-08/江门-第8期-附件1：食品抽检信息汇总表.pdf
2026-08-30 07:36:01 [INFO]   [江门] 跳过不合格文件: 附件2：本次检验不合格项目的说明.docx
2026-08-30 07:36:02 [DONE] [完成] 广西: 共下载 0 个文件
2026-08-30 07:36:05 [DONE] [完成] 广东: 共下载 3 个文件
2026-08-30 07:36:06 [DONE] [完成] 河池: 共下载 6 个文件
2026-08-30 07:36:08 [DONE] [完成] 江门: 共下载 3 个文件
2026-08-30 07:36:08 [DONE] 
全部完成，共下载 21 个文件，保存在 ./2026-08 目录。
2026-08-30 07:36:08 [INFO] [OCR] 2026-08/江西-第11期-江西省市场监督管理局2026年第11期食品抽检情况的通告.pdf 判定为扫描件，直接 OCR
2026-08-30 07:36:08 [INFO] [OCR] 调用 mineru-open-api 识别 2026-08/江西-第11期-江西省市场监督管理局2026年第11期食品抽检情况的通告.pdf
2026-08-30 07:36:08 [INFO] [OCR] 2026-08/江门-20260821-附件1：食品抽检信息汇总表.pdf 判定为扫描件，直接 OCR
2026-08-30 07:36:08 [INFO] [OCR] 调用 mineru-open-api 识别 2026-08/江门-20260821-附件1：食品抽检信息汇总表.pdf
2026-08-30 07:36:08 [INFO] [OCR] 2026-08/江门-第9期-附件1：食品抽检信息汇总表.pdf 判定为扫描件，直接 OCR
2026-08-30 07:36:08 [INFO] [OCR] 调用 mineru-open-api 识别 2026-08/江门-第9期-附件1：食品抽检信息汇总表.pdf
2026-08-30 07:36:08 [INFO] [OCR] 2026-08/江门-第8期-附件1：食品抽检信息汇总表.pdf 判定为扫描件，直接 OCR
2026-08-30 07:36:08 [INFO] [OCR] 调用 mineru-open-api 识别 2026-08/江门-第8期-附件1：食品抽检信息汇总表.pdf
2026-08-30 11:05:43 [ERROR] [湖北] 列表页请求失败: HTTP 412
2026-08-30 11:05:43 [DONE] [完成] 湖北: 共下载 0 个文件
2026-08-30 11:05:44 [DONE] [完成] 福建: 共下载 0 个文件
2026-08-30 11:05:44 [INFO]   [下载] 2026-08/中山-20260821-附件1：本次检验项目-2.doc
2026-08-30 11:05:44 [INFO]   [下载] 2026-08/河池-第04期-附件1：检验项目-2.doc
2026-08-30 11:05:44 [INFO]   [下载] 2026-08/中山-20260821-附件2：食品监督抽检合格信息表（20260821）-2.xlsx
2026-08-30 11:05:44 [INFO]   [中山] 跳过不合格文件: 附件3：食品监督抽检不合格信息表（20260821）.xlsx
2026-08-30 11:05:44 [INFO]   [下载] 2026-08/江西-第11期-江西省市场监督管理局2026年第11期食品抽检情况的通告-2.pdf
2026-08-30 11:05:44 [DONE] [完成] 江西: 共下载 1 个文件
2026-08-30 11:05:44 [INFO]   [下载] 2026-08/珠海-20260820-附件 珠海市市场监督管理局2026年食品监督抽检信息汇总表-2.xls
2026-08-30 11:05:45 [INFO]   [下载] 2026-08/中山-20260821-附件4：关于部分检验项目的说明-2.doc
2026-08-30 11:05:45 [INFO]   [下载] 2026-08/江门-第9期-附件1：食品抽检信息汇总表-2.pdf
2026-08-30 11:05:45 [INFO]   [江门] 跳过不合格文件: 附件2：本次检验不合格项目的说明.docx
2026-08-30 11:05:45 [INFO]   [下载] 2026-08/河池-第04期-附件2：食品餐饮环节监督抽检合格产品信息-2.xlsx
2026-08-30 11:05:45 [INFO]   [河池] 跳过不合格文件: 附件3：食品餐饮环节监督抽检不合格产品信息（改）.xlsx
2026-08-30 11:05:45 [INFO]   [下载] 2026-08/河池-第04期-附件4：部分检验项目的说明.wps
2026-08-30 11:05:45 [INFO]   [下载] 2026-08/湖南-第17期-食品安全抽样检验项目合格食品信息表-2.pdf
2026-08-30 11:05:45 [INFO]   [湖南] 跳过不合格文件: 食品安全抽样检验不合格食品信息表
2026-08-30 11:05:46 [INFO]   [下载] 2026-08/江门-20260821-附件1：食品抽检信息汇总表-2.pdf
2026-08-30 11:05:46 [INFO]   [江门] 跳过不合格文件: 附件2：本次检验不合格项目的说明.docx
2026-08-30 11:05:46 [INFO]   [下载] 2026-08/湖南-第16期-食品安全抽样检验项目合格食品信息表-2.pdf
2026-08-30 11:05:46 [INFO]   [湖南] 跳过不合格文件: 食品安全抽样检验不合格食品信息表
2026-08-30 11:05:46 [DONE] [完成] 湖南: 共下载 2 个文件
2026-08-30 11:05:46 [INFO]   [下载] 2026-08/河池-第03期-附件1：检验项目-2.doc
2026-08-30 11:05:46 [INFO]   [下载] 2026-08/广东-第38期-附件1-13-2.doc
2026-08-30 11:05:46 [INFO]   [下载] 2026-08/深圳-20260828-附件1.抽检结果明细表-2.xlsx
2026-08-30 11:05:46 [INFO]   [深圳] 跳过不合格文件: 附件2.部分不合格项目小知识.docx
2026-08-30 11:05:47 [INFO]   [下载] 2026-08/河池-第03期-附件2：食品流通监督抽检合格产品信息-2.xlsx
2026-08-30 11:05:47 [INFO]   [河池] 跳过不合格文件: 附件3：食品流通监督抽检不合格产品信息.xlsx
2026-08-30 11:05:47 [INFO]   [下载] 2026-08/河池-第03期-附件4：部分检验项目的说明-2.doc
2026-08-30 11:05:47 [INFO]   [下载] 2026-08/深圳-20260821-附件1.抽检结果明细表-2.xlsx
2026-08-30 11:05:47 [INFO]   [深圳] 跳过不合格文件: 附件2.部分不合格项目小知识.docx
2026-08-30 11:05:48 [INFO]   [下载] 2026-08/广东-第37期-附件1-15-2.doc
2026-08-30 11:05:49 [DONE] [完成] 珠海: 共下载 1 个文件
2026-08-30 11:05:49 [DONE] [完成] 中山: 共下载 3 个文件
2026-08-30 11:05:49 [DONE] [完成] 佛山: 共下载 0 个文件
2026-08-30 11:05:49 [INFO]   [下载] 2026-08/广东-第36期-附件1-13-2.doc
2026-08-30 11:05:50 [DONE] [完成] 广州: 共下载 0 个文件
2026-08-30 11:05:53 [INFO]   [下载] 2026-08/江门-第8期-附件1：食品抽检信息汇总表-2.pdf
2026-08-30 11:05:53 [INFO]   [江门] 跳过不合格文件: 附件2：本次检验不合格项目的说明.docx
2026-08-30 11:05:53 [DONE] [完成] 广西: 共下载 0 个文件
2026-08-30 11:05:55 [DONE] [完成] 深圳: 共下载 2 个文件
2026-08-30 11:05:57 [DONE] [完成] 广东: 共下载 3 个文件
2026-08-30 11:05:58 [DONE] [完成] 河池: 共下载 6 个文件
2026-08-30 11:06:00 [DONE] [完成] 江门: 共下载 3 个文件
2026-08-30 11:06:00 [DONE] 
全部完成，共下载 21 个文件，保存在 ./2026-08 目录。
2026-08-30 11:16:41 [INFO] [OCR] 2026-08/江西-第11期-江西省市场监督管理局2026年第11期食品抽检情况的通告.pdf 判定为扫描件，直接 OCR
2026-08-30 11:16:41 [INFO] [OCR] 2026-08/江门-20260821-附件1：食品抽检信息汇总表.pdf 判定为扫描件，直接 OCR
2026-08-30 11:16:41 [INFO] [OCR] 2026-08/江门-第9期-附件1：食品抽检信息汇总表.pdf 判定为扫描件，直接 OCR
2026-08-30 11:16:41 [INFO] [OCR] 2026-08/江门-第8期-附件1：食品抽检信息汇总表.pdf 判定为扫描件，直接 OCR
2026-08-30 11:18:37 [INFO] [搜索] 扫描 20/20 个文件，命中 3 条，结果写入 result.db
2026-08-30 11:18:37 [INFO] [搜索] 「天地壹号」 命中 3 处
2026-08-30 11:18:37 [INFO] [搜索] 「天晨」 命中 0 处
2026-08-30 11:18:37 [INFO] [搜索] 「巴马世界」 命中 0 处
2026-08-30 11:34:08 [INFO] [OCR] 2026-08/江西-第11期-江西省市场监督管理局2026年第11期食品抽检情况的通告.pdf 判定为扫描件，直接 OCR
2026-08-30 11:34:08 [INFO] [OCR] 2026-08/江门-20260821-附件1：食品抽检信息汇总表.pdf 判定为扫描件，直接 OCR
2026-08-30 11:34:08 [INFO] [OCR] 2026-08/江门-第9期-附件1：食品抽检信息汇总表.pdf 判定为扫描件，直接 OCR
2026-08-30 11:34:08 [INFO] [OCR] 2026-08/江门-第8期-附件1：食品抽检信息汇总表.pdf 判定为扫描件，直接 OCR
2026-08-30 11:36:03 [INFO] [搜索] 扫描 21/21 个文件，命中 3 条，结果写入 result.db
2026-08-30 11:36:03 [INFO] [搜索] 「天地壹号」 命中 3 处
2026-08-30 11:36:03 [INFO] [搜索] 「天晨」 命中 0 处
2026-08-30 11:36:03 [INFO] [搜索] 「巴马世界」 命中 0 处
2026-08-30 11:37:40 [INFO] [搜索] 扫描 1/1 个文件，命中 0 条，结果写入 result.db
2026-08-30 11:37:40 [INFO] [搜索] 「天地壹号」 命中 0 处
2026-08-30 11:37:40 [INFO] [搜索] 「天晨」 命中 0 处
2026-08-30 11:37:40 [INFO] [搜索] 「巴马世界」 命中 0 处
2026-08-30 11:40:30 [INFO] [搜索] 扫描 1/1 个文件，命中 0 条，结果写入 result.db
2026-08-30 11:40:30 [INFO] [搜索] 「天地壹号」 命中 0 处
2026-08-30 11:40:30 [INFO] [搜索] 「天晨」 命中 0 处
2026-08-30 11:40:30 [INFO] [搜索] 「巴马世界」 命中 0 处
2026-08-30 11:40:48 [DEBUG] [扫描顺序] ["2026-08/珠海-20260820-附件 珠海市市场监督管理局2026年食品监督抽检信息汇总表.xlsx"]
2026-08-30 11:40:48 [INFO] [搜索] 扫描 1/1 个文件，命中 0 条，结果写入 result.db
2026-08-30 11:40:48 [INFO] [搜索] 「天地壹号」 命中 0 处
2026-08-30 11:40:48 [INFO] [搜索] 「天晨」 命中 0 处
2026-08-30 11:40:48 [INFO] [搜索] 「巴马世界」 命中 0 处
2026-08-30 11:41:11 [DEBUG] [扫描顺序] ["2026-08/珠海-20260820-附件 珠海市市场监督管理局2026年食品监督抽检信息汇总表.xlsx"]
2026-08-30 11:41:11 [INFO] [搜索] 扫描 1/1 个文件，命中 0 条，结果写入 result.db
2026-08-30 11:41:11 [INFO] [搜索] 「天地壹号」 命中 0 处
2026-08-30 11:41:11 [INFO] [搜索] 「天晨」 命中 0 处
2026-08-30 11:41:11 [INFO] [搜索] 「巴马世界」 命中 0 处
2026-08-30 11:42:36 [INFO] [搜索] 扫描 1/1 个文件，命中 3 条，结果写入 result.db
2026-08-30 11:42:36 [INFO] [搜索] 「天地壹号」 命中 1 处
2026-08-30 11:42:36 [INFO] [搜索] 「天晨」 命中 1 处
2026-08-30 11:42:36 [INFO] [搜索] 「巴马世界」 命中 1 处
2026-08-30 11:49:45 [INFO] [搜索] 扫描 4/4 个文件，命中 7 条，结果写入 result.db
2026-08-30 11:49:45 [INFO] [搜索] 「天地壹号」 命中 2 处
2026-08-30 11:49:45 [INFO] [搜索] 「天晨」 命中 3 处
2026-08-30 11:49:45 [INFO] [搜索] 「巴马世界」 命中 2 处
2026-08-30 11:52:12 [DEBUG] [扫描顺序] ["2026-08/测试文件 .doc", "2026-08/测试文件 .docx", "2026-08/测试文件 .pdf", "2026-08/珠海-20260820-附件 珠海市市场监督管理局2026年食品监督抽检信息汇总表.xlsx", "2026-08/珠海-doc测试.doc", "2026-08/珠海-xls测试.xls"]
2026-08-30 11:52:12 [INFO] [搜索] 扫描 6/6 个文件，命中 13 条，结果写入 result.db
2026-08-30 11:52:12 [INFO] [搜索] 「天地壹号」 命中 4 处
2026-08-30 11:52:12 [INFO] [搜索] 「天晨」 命中 5 处
2026-08-30 11:52:12 [INFO] [搜索] 「巴马世界」 命中 4 处
2026-08-30 11:56:01 [INFO] [搜索] 扫描 4/4 个文件，命中 10 条，结果写入 result.db
2026-08-30 11:56:01 [INFO] [搜索] 「天地壹号」 命中 3 处
2026-08-30 11:56:01 [INFO] [搜索] 「天晨」 命中 4 处
2026-08-30 11:56:01 [INFO] [搜索] 「巴马世界」 命中 3 处
2026-08-30 11:57:18 [INFO] [搜索] 扫描 1/1 个文件，命中 3 条，结果写入 result.db
2026-08-30 11:57:18 [INFO] [搜索] 「天地壹号」 命中 1 处
2026-08-30 11:57:18 [INFO] [搜索] 「天晨」 命中 1 处
2026-08-30 11:57:18 [INFO] [搜索] 「巴马世界」 命中 1 处
2026-08-30 11:58:42 [INFO] [搜索] 扫描 1/1 个文件，命中 3 条，结果写入 result.db
2026-08-30 11:58:42 [INFO] [搜索] 「天地壹号」 命中 1 处
2026-08-30 11:58:42 [INFO] [搜索] 「天晨」 命中 1 处
2026-08-30 11:58:42 [INFO] [搜索] 「巴马世界」 命中 1 处
2026-08-30 11:59:33 [INFO] [搜索] 扫描 4/4 个文件，命中 9 条，结果写入 result.db
2026-08-30 11:59:33 [INFO] [搜索] 「天地壹号」 命中 3 处
2026-08-30 11:59:33 [INFO] [搜索] 「天晨」 命中 3 处
2026-08-30 11:59:33 [INFO] [搜索] 「巴马世界」 命中 3 处
2026-08-30 12:00:42 [ERROR] [湖北] 列表页请求失败: HTTP 412
2026-08-30 12:00:42 [DONE] [完成] 湖北: 共下载 0 个文件
2026-08-30 12:00:43 [DONE] [完成] 福建: 共下载 0 个文件
2026-08-30 12:00:43 [INFO]   [下载] 2026-08/江西-第11期-江西省市场监督管理局2026年第11期食品抽检情况的通告.pdf
2026-08-30 12:00:43 [DONE] [完成] 江西: 共下载 1 个文件
2026-08-30 12:00:43 [INFO]   [下载] 2026-08/河池-第04期-附件1：检验项目.doc
2026-08-30 12:00:43 [INFO]   [下载] 2026-08/中山-20260821-附件1：本次检验项目.doc
2026-08-30 12:00:43 [INFO]   [下载] 2026-08/珠海-20260820-附件 珠海市市场监督管理局2026年食品监督抽检信息汇总表.xls
2026-08-30 12:00:44 [INFO]   [下载] 2026-08/湖南-第17期-食品安全抽样检验项目合格食品信息表.pdf
2026-08-30 12:00:44 [INFO]   [湖南] 跳过不合格文件: 食品安全抽样检验不合格食品信息表
2026-08-30 12:00:44 [INFO]   [下载] 2026-08/中山-20260821-附件2：食品监督抽检合格信息表（20260821）.xlsx
2026-08-30 12:00:44 [INFO]   [中山] 跳过不合格文件: 附件3：食品监督抽检不合格信息表（20260821）.xlsx
2026-08-30 12:00:44 [INFO]   [下载] 2026-08/河池-第04期-附件2：食品餐饮环节监督抽检合格产品信息.xlsx
2026-08-30 12:00:44 [INFO]   [河池] 跳过不合格文件: 附件3：食品餐饮环节监督抽检不合格产品信息（改）.xlsx
2026-08-30 12:00:44 [INFO]   [下载] 2026-08/中山-20260821-附件4：关于部分检验项目的说明.doc
2026-08-30 12:00:44 [INFO]   [下载] 2026-08/江门-第9期-附件1：食品抽检信息汇总表.pdf
2026-08-30 12:00:44 [INFO]   [江门] 跳过不合格文件: 附件2：本次检验不合格项目的说明.docx
2026-08-30 12:00:44 [INFO]   [下载] 2026-08/河池-第04期-附件4：部分检验项目的说明.wps
2026-08-30 12:00:44 [INFO]   [下载] 2026-08/湖南-第16期-食品安全抽样检验项目合格食品信息表.pdf
2026-08-30 12:00:44 [INFO]   [湖南] 跳过不合格文件: 食品安全抽样检验不合格食品信息表
2026-08-30 12:00:44 [DONE] [完成] 湖南: 共下载 2 个文件
2026-08-30 12:00:44 [INFO]   [下载] 2026-08/深圳-20260828-附件1.抽检结果明细表.xlsx
2026-08-30 12:00:44 [INFO]   [深圳] 跳过不合格文件: 附件2.部分不合格项目小知识.docx
2026-08-30 12:00:44 [INFO]   [下载] 2026-08/广东-第38期-附件1-13.doc
2026-08-30 12:00:45 [INFO]   [下载] 2026-08/河池-第03期-附件1：检验项目.doc
2026-08-30 12:00:45 [INFO]   [下载] 2026-08/江门-20260821-附件1：食品抽检信息汇总表.pdf
2026-08-30 12:00:45 [INFO]   [江门] 跳过不合格文件: 附件2：本次检验不合格项目的说明.docx
2026-08-30 12:00:46 [INFO]   [下载] 2026-08/河池-第03期-附件2：食品流通监督抽检合格产品信息.xlsx
2026-08-30 12:00:46 [INFO]   [河池] 跳过不合格文件: 附件3：食品流通监督抽检不合格产品信息.xlsx
2026-08-30 12:00:46 [INFO]   [下载] 2026-08/河池-第03期-附件4：部分检验项目的说明.doc
2026-08-30 12:00:46 [INFO]   [下载] 2026-08/广东-第37期-附件1-15.doc
2026-08-30 12:00:46 [INFO]   [下载] 2026-08/深圳-20260821-附件1.抽检结果明细表.xlsx
2026-08-30 12:00:46 [INFO]   [深圳] 跳过不合格文件: 附件2.部分不合格项目小知识.docx
2026-08-30 12:00:48 [DONE] [完成] 珠海: 共下载 1 个文件
2026-08-30 12:00:48 [INFO]   [下载] 2026-08/广东-第36期-附件1-13.doc
2026-08-30 12:00:49 [DONE] [完成] 中山: 共下载 3 个文件
2026-08-30 12:00:49 [DONE] [完成] 佛山: 共下载 0 个文件
2026-08-30 12:00:49 [DONE] [完成] 广州: 共下载 0 个文件
2026-08-30 12:00:52 [DONE] [完成] 广西: 共下载 0 个文件
2026-08-30 12:00:53 [DONE] [完成] 深圳: 共下载 2 个文件
2026-08-30 12:00:53 [INFO]   [下载] 2026-08/江门-第8期-附件1：食品抽检信息汇总表.pdf
2026-08-30 12:00:53 [INFO]   [江门] 跳过不合格文件: 附件2：本次检验不合格项目的说明.docx
2026-08-30 12:00:56 [DONE] [完成] 广东: 共下载 3 个文件
2026-08-30 12:00:57 [DONE] [完成] 河池: 共下载 6 个文件
2026-08-30 12:01:00 [DONE] [完成] 江门: 共下载 3 个文件
2026-08-30 12:01:00 [DONE] 
全部完成，共下载 21 个文件，保存在 ./2026-08 目录。
2026-08-30 12:01:00 [INFO] [OCR] 2026-08/江西-第11期-江西省市场监督管理局2026年第11期食品抽检情况的通告.pdf 判定为扫描件，直接 OCR
2026-08-30 12:01:00 [INFO] [OCR] 2026-08/江门-20260821-附件1：食品抽检信息汇总表.pdf 判定为扫描件，直接 OCR
2026-08-30 12:01:00 [INFO] [OCR] 2026-08/江门-第9期-附件1：食品抽检信息汇总表.pdf 判定为扫描件，直接 OCR
2026-08-30 12:01:00 [INFO] [OCR] 2026-08/江门-第8期-附件1：食品抽检信息汇总表.pdf 判定为扫描件，直接 OCR
2026-08-30 12:02:57 [INFO] [搜索] 扫描 21/21 个文件，命中 3 条，结果写入 result.db
2026-08-30 12:02:57 [INFO] [搜索] 「天地壹号」 命中 3 处
2026-08-30 12:02:57 [INFO] [搜索] 「天晨」 命中 0 处
2026-08-30 12:02:57 [INFO] [搜索] 「巴马世界」 命中 0 处
2026-08-30 12:09:13 [INFO] [OCR] 2026-08/江西-第11期-江西省市场监督管理局2026年第11期食品抽检情况的通告.pdf 判定为扫描件，直接 OCR
2026-08-30 12:09:13 [INFO] [OCR] 2026-08/江门-20260821-附件1：食品抽检信息汇总表.pdf 判定为扫描件，直接 OCR
2026-08-30 12:09:14 [INFO] [OCR] 2026-08/江门-第9期-附件1：食品抽检信息汇总表.pdf 判定为扫描件，直接 OCR
2026-08-30 12:09:17 [INFO] [OCR] 2026-08/江门-第8期-附件1：食品抽检信息汇总表.pdf 判定为扫描件，直接 OCR
2026-08-30 12:11:44 [INFO] [OCR] 2026-08/江西-第11期-江西省市场监督管理局2026年第11期食品抽检情况的通告.pdf 判定为扫描件，直接 OCR
2026-08-30 12:11:44 [INFO] [OCR] 2026-08/江门-20260821-附件1：食品抽检信息汇总表.pdf 判定为扫描件，直接 OCR
2026-08-30 12:11:44 [INFO] [OCR] 2026-08/江门-第9期-附件1：食品抽检信息汇总表.pdf 判定为扫描件，直接 OCR
2026-08-30 12:11:48 [INFO] [OCR] 2026-08/江门-第8期-附件1：食品抽检信息汇总表.pdf 判定为扫描件，直接 OCR
2026-08-30 12:13:54 [INFO] [搜索] 扫描 22/22 个文件，命中 6 条，结果写入 result.db
2026-08-30 12:13:54 [INFO] [搜索] 「天地壹号」 命中 4 处
2026-08-30 12:13:54 [INFO] [搜索] 「天晨」 命中 1 处
2026-08-30 12:13:54 [INFO] [搜索] 「巴马世界」 命中 1 处
2026-08-30 12:17:17 [INFO] [OCR] 2026-08/江西-第11期-江西省市场监督管理局2026年第11期食品抽检情况的通告.pdf 判定为扫描件，直接 OCR
2026-08-30 12:17:17 [INFO] [OCR] 2026-08/江门-20260821-附件1：食品抽检信息汇总表.pdf 判定为扫描件，直接 OCR
2026-08-30 12:17:17 [INFO] [OCR] 2026-08/江门-第9期-附件1：食品抽检信息汇总表.pdf 判定为扫描件，直接 OCR
2026-08-30 12:17:21 [INFO] [OCR] 2026-08/江门-第8期-附件1：食品抽检信息汇总表.pdf 判定为扫描件，直接 OCR
2026-08-30 12:19:32 [INFO] [搜索] 扫描 22/22 个文件，命中 6 条，结果写入 result.db
2026-08-30 12:19:32 [INFO] [搜索] 「天地壹号」 命中 4 处
2026-08-30 12:19:32 [INFO] [搜索] 「天晨」 命中 1 处
2026-08-30 12:19:32 [INFO] [搜索] 「巴马世界」 命中 1 处
2026-08-30 12:20:14 [INFO] [OCR] 2026-08/江西-第11期-江西省市场监督管理局2026年第11期食品抽检情况的通告.pdf 判定为扫描件，直接 OCR
2026-08-30 12:20:14 [INFO] [OCR] 2026-08/江门-20260821-附件1：食品抽检信息汇总表.pdf 判定为扫描件，直接 OCR
2026-08-30 12:20:15 [INFO] [OCR] 2026-08/江门-第9期-附件1：食品抽检信息汇总表.pdf 判定为扫描件，直接 OCR
2026-08-30 12:20:18 [INFO] [OCR] 2026-08/江门-第8期-附件1：食品抽检信息汇总表.pdf 判定为扫描件，直接 OCR
2026-08-30 12:22:27 [INFO] [搜索] 扫描 21/21 个文件，命中 3 条，结果写入 result.db
2026-08-30 12:22:27 [INFO] [搜索] 「天地壹号」 命中 3 处
2026-08-30 12:22:27 [INFO] [搜索] 「天晨」 命中 0 处
2026-08-30 12:22:27 [INFO] [搜索] 「巴马世界」 命中 0 处
2026-08-30 12:25:31 [INFO] [搜索] 扫描 1/1 个文件，命中 1 条，结果写入 result.db
2026-08-30 12:25:31 [INFO] [搜索] 「天地壹号」 命中 1 处
2026-08-30 12:25:31 [INFO] [搜索] 「天晨」 命中 0 处
2026-08-30 12:25:31 [INFO] [搜索] 「巴马世界」 命中 0 处
2026-08-30 12:29:38 [INFO] [搜索] 扫描 2/2 个文件，命中 2 条，结果写入 result.db
2026-08-30 12:29:38 [INFO] [搜索] 「天地壹号」 命中 2 处
2026-08-30 12:29:38 [INFO] [搜索] 「天晨」 命中 0 处
2026-08-30 12:29:38 [INFO] [搜索] 「巴马世界」 命中 0 处
2026-08-30 12:30:07 [INFO] [搜索] 扫描 3/3 个文件，命中 3 条，结果写入 result.db
2026-08-30 12:30:07 [INFO] [搜索] 「天地壹号」 命中 3 处
2026-08-30 12:30:07 [INFO] [搜索] 「天晨」 命中 0 处
2026-08-30 12:30:07 [INFO] [搜索] 「巴马世界」 命中 0 处
2026-08-30 12:30:17 [INFO] [搜索] 扫描 3/3 个文件，命中 3 条，结果写入 result.db
2026-08-30 12:30:17 [INFO] [搜索] 「天地壹号」 命中 3 处
2026-08-30 12:30:17 [INFO] [搜索] 「天晨」 命中 0 处
2026-08-30 12:30:17 [INFO] [搜索] 「巴马世界」 命中 0 处
2026-08-30 12:30:39 [INFO] [搜索] 扫描 2/2 个文件，命中 2 条，结果写入 result.db
2026-08-30 12:30:39 [INFO] [搜索] 「天地壹号」 命中 2 处
2026-08-30 12:30:39 [INFO] [搜索] 「天晨」 命中 0 处
2026-08-30 12:30:39 [INFO] [搜索] 「巴马世界」 命中 0 处
2026-08-30 12:31:51 [INFO] [搜索] 扫描 2/2 个文件，命中 2 条，结果写入 result.db
2026-08-30 12:31:51 [INFO] [搜索] 「天地壹号」 命中 2 处
2026-08-30 12:31:51 [INFO] [搜索] 「天晨」 命中 0 处
2026-08-30 12:31:51 [INFO] [搜索] 「巴马世界」 命中 0 处
